site,dtm,ori,tile_id
crater_1,data/synthetic/crater_1/dtm_0.npy,data/synthetic/crater_1/ori_0.png,crater_1_0
crater_1,data/synthetic/crater_1/dtm_1.npy,data/synthetic/crater_1/ori_1.png,crater_1_1
crater_1,data/synthetic/crater_1/dtm_2.npy,data/synthetic/crater_1/ori_2.png,crater_1_2
crater_1,data/synthetic/crater_1/dtm_3.npy,data/synthetic/crater_1/ori_3.png,crater_1_3
crater_1,data/synthetic/crater_1/dtm_4.npy,data/synthetic/crater_1/ori_4.png,crater_1_4
crater_1,data/synthetic/crater_1/dtm_5.npy,data/synthetic/crater_1/ori_5.png,crater_1_5
crater_1,data/synthetic/crater_1/dtm_6.npy,data/synthetic/crater_1/ori_6.png,crater_1_6
crater_1,data/synthetic/crater_1/dtm_7.npy,data/synthetic/crater_1/ori_7.png,crater_1_7
crater_1,data/synthetic/crater_1/dtm_8.npy,data/synthetic/crater_1/ori_8.png,crater_1_8
crater_1,data/synthetic/crater_1/dtm_9.npy,data/synthetic/crater_1/ori_9.png,crater_1_9
crater_1,data/synthetic/crater_1/dtm_10.npy,data/synthetic/crater_1/ori_10.png,crater_1_10
crater_1,data/synthetic/crater_1/dtm_11.npy,data/synthetic/crater_1/ori_11.png,crater_1_11
crater_1,data/synthetic/crater_1/dtm_12.npy,data/synthetic/crater_1/ori_12.png,crater_1_12
crater_1,data/synthetic/crater_1/dtm_13.npy,data/synthetic/crater_1/ori_13.png,crater_1_13
crater_1,data/synthetic/crater_1/dtm_14.npy,data/synthetic/crater_1/ori_14.png,crater_1_14
crater_1,data/synthetic/crater_1/dtm_15.npy,data/synthetic/crater_1/ori_15.png,crater_1_15
crater_1,data/synthetic/crater_1/dtm_16.npy,data/synthetic/crater_1/ori_16.png,crater_1_16
crater_1,data/synthetic/crater_1/dtm_17.npy,data/synthetic/crater_1/ori_17.png,crater_1_17
crater_1,data/synthetic/crater_1/dtm_18.npy,data/synthetic/crater_1/ori_18.png,crater_1_18
crater_1,data/synthetic/crater_1/dtm_19.npy,data/synthetic/crater_1/ori_19.png,crater_1_19
crater_2,data/synthetic/crater_2/dtm_0.npy,data/synthetic/crater_2/ori_0.png,crater_2_0
crater_2,data/synthetic/crater_2/dtm_1.npy,data/synthetic/crater_2/ori_1.png,crater_2_1
crater_2,data/synthetic/crater_2/dtm_2.npy,data/synthetic/crater_2/ori_2.png,crater_2_2
crater_2,data/synthetic/crater_2/dtm_3.npy,data/synthetic/crater_2/ori_3.png,crater_2_3
crater_2,data/synthetic/crater_2/dtm_4.npy,data/synthetic/crater_2/ori_4.png,crater_2_4
crater_2,data/synthetic/crater_2/dtm_5.npy,data/synthetic/crater_2/ori_5.png,crater_2_5
crater_2,data/synthetic/crater_2/dtm_6.npy,data/synthetic/crater_2/ori_6.png,crater_2_6
crater_2,data/synthetic/crater_2/dtm_7.npy,data/synthetic/crater_2/ori_7.png,crater_2_7
crater_2,data/synthetic/crater_2/dtm_8.npy,data/synthetic/crater_2/ori_8.png,crater_2_8
crater_2,data/synthetic/crater_2/dtm_9.npy,data/synthetic/crater_2/ori_9.png,crater_2_9
crater_2,data/synthetic/crater_2/dtm_10.npy,data/synthetic/crater_2/ori_10.png,crater_2_10
crater_2,data/synthetic/crater_2/dtm_11.npy,data/synthetic/crater_2/ori_11.png,crater_2_11
crater_2,data/synthetic/crater_2/dtm_12.npy,data/synthetic/crater_2/ori_12.png,crater_2_12
crater_2,data/synthetic/crater_2/dtm_13.npy,data/synthetic/crater_2/ori_13.png,crater_2_13
crater_2,data/synthetic/crater_2/dtm_14.npy,data/synthetic/crater_2/ori_14.png,crater_2_14
crater_2,data/synthetic/crater_2/dtm_15.npy,data/synthetic/crater_2/ori_15.png,crater_2_15
crater_2,data/synthetic/crater_2/dtm_16.npy,data/synthetic/crater_2/ori_16.png,crater_2_16
crater_2,data/synthetic/crater_2/dtm_17.npy,data/synthetic/crater_2/ori_17.png,crater_2_17
crater_2,data/synthetic/crater_2/dtm_18.npy,data/synthetic/crater_2/ori_18.png,crater_2_18
crater_2,data/synthetic/crater_2/dtm_19.npy,data/synthetic/crater_2/ori_19.png,crater_2_19
rocky_1,data/synthetic/rocky_1/dtm_0.npy,data/synthetic/rocky_1/ori_0.png,rocky_1_0
rocky_1,data/synthetic/rocky_1/dtm_1.npy,data/synthetic/rocky_1/ori_1.png,rocky_1_1
rocky_1,data/synthetic/rocky_1/dtm_2.npy,data/synthetic/rocky_1/ori_2.png,rocky_1_2
rocky_1,data/synthetic/rocky_1/dtm_3.npy,data/synthetic/rocky_1/ori_3.png,rocky_1_3
rocky_1,data/synthetic/rocky_1/dtm_4.npy,data/synthetic/rocky_1/ori_4.png,rocky_1_4
rocky_1,data/synthetic/rocky_1/dtm_5.npy,data/synthetic/rocky_1/ori_5.png,rocky_1_5
rocky_1,data/synthetic/rocky_1/dtm_6.npy,data/synthetic/rocky_1/ori_6.png,rocky_1_6
rocky_1,data/synthetic/rocky_1/dtm_7.npy,data/synthetic/rocky_1/ori_7.png,rocky_1_7
rocky_1,data/synthetic/rocky_1/dtm_8.npy,data/synthetic/rocky_1/ori_8.png,rocky_1_8
rocky_1,data/synthetic/rocky_1/dtm_9.npy,data/synthetic/rocky_1/ori_9.png,rocky_1_9
rocky_1,data/synthetic/rocky_1/dtm_10.npy,data/synthetic/rocky_1/ori_10.png,rocky_1_10
rocky_1,data/synthetic/rocky_1/dtm_11.npy,data/synthetic/rocky_1/ori_11.png,rocky_1_11
rocky_1,data/synthetic/rocky_1/dtm_12.npy,data/synthetic/rocky_1/ori_12.png,rocky_1_12
rocky_1,data/synthetic/rocky_1/dtm_13.npy,data/synthetic/rocky_1/ori_13.png,rocky_1_13
rocky_1,data/synthetic/rocky_1/dtm_14.npy,data/synthetic/rocky_1/ori_14.png,rocky_1_14
rocky_1,data/synthetic/rocky_1/dtm_15.npy,data/synthetic/rocky_1/ori_15.png,rocky_1_15
rocky_1,data/synthetic/rocky_1/dtm_16.npy,data/synthetic/rocky_1/ori_16.png,rocky_1_16
rocky_1,data/synthetic/rocky_1/dtm_17.npy,data/synthetic/rocky_1/ori_17.png,rocky_1_17
rocky_1,data/synthetic/rocky_1/dtm_18.npy,data/synthetic/rocky_1/ori_18.png,rocky_1_18
rocky_1,data/synthetic/rocky_1/dtm_19.npy,data/synthetic/rocky_1/ori_19.png,rocky_1_19
rocky_2,data/synthetic/rocky_2/dtm_0.npy,data/synthetic/rocky_2/ori_0.png,rocky_2_0
rocky_2,data/synthetic/rocky_2/dtm_1.npy,data/synthetic/rocky_2/ori_1.png,rocky_2_1
rocky_2,data/synthetic/rocky_2/dtm_2.npy,data/synthetic/rocky_2/ori_2.png,rocky_2_2
rocky_2,data/synthetic/rocky_2/dtm_3.npy,data/synthetic/rocky_2/ori_3.png,rocky_2_3
rocky_2,data/synthetic/rocky_2/dtm_4.npy,data/synthetic/rocky_2/ori_4.png,rocky_2_4
rocky_2,data/synthetic/rocky_2/dtm_5.npy,data/synthetic/rocky_2/ori_5.png,rocky_2_5
rocky_2,data/synthetic/rocky_2/dtm_6.npy,data/synthetic/rocky_2/ori_6.png,rocky_2_6
rocky_2,data/synthetic/rocky_2/dtm_7.npy,data/synthetic/rocky_2/ori_7.png,rocky_2_7
rocky_2,data/synthetic/rocky_2/dtm_8.npy,data/synthetic/rocky_2/ori_8.png,rocky_2_8
rocky_2,data/synthetic/rocky_2/dtm_9.npy,data/synthetic/rocky_2/ori_9.png,rocky_2_9
rocky_2,data/synthetic/rocky_2/dtm_10.npy,data/synthetic/rocky_2/ori_10.png,rocky_2_10
rocky_2,data/synthetic/rocky_2/dtm_11.npy,data/synthetic/rocky_2/ori_11.png,rocky_2_11
rocky_2,data/synthetic/rocky_2/dtm_12.npy,data/synthetic/rocky_2/ori_12.png,rocky_2_12
rocky_2,data/synthetic/rocky_2/dtm_13.npy,data/synthetic/rocky_2/ori_13.png,rocky_2_13
rocky_2,data/synthetic/rocky_2/dtm_14.npy,data/synthetic/rocky_2/ori_14.png,rocky_2_14
rocky_2,data/synthetic/rocky_2/dtm_15.npy,data/synthetic/rocky_2/ori_15.png,rocky_2_15
rocky_2,data/synthetic/rocky_2/dtm_16.npy,data/synthetic/rocky_2/ori_16.png,rocky_2_16
rocky_2,data/synthetic/rocky_2/dtm_17.npy,data/synthetic/rocky_2/ori_17.png,rocky_2_17
rocky_2,data/synthetic/rocky_2/dtm_18.npy,data/synthetic/rocky_2/ori_18.png,rocky_2_18
rocky_2,data/synthetic/rocky_2/dtm_19.npy,data/synthetic/rocky_2/ori_19.png,rocky_2_19
smooth_1,data/synthetic/smooth_1/dtm_0.npy,data/synthetic/smooth_1/ori_0.png,smooth_1_0
smooth_1,data/synthetic/smooth_1/dtm_1.npy,data/synthetic/smooth_1/ori_1.png,smooth_1_1
smooth_1,data/synthetic/smooth_1/dtm_2.npy,data/synthetic/smooth_1/ori_2.png,smooth_1_2
smooth_1,data/synthetic/smooth_1/dtm_3.npy,data/synthetic/smooth_1/ori_3.png,smooth_1_3
smooth_1,data/synthetic/smooth_1/dtm_4.npy,data/synthetic/smooth_1/ori_4.png,smooth_1_4
smooth_1,data/synthetic/smooth_1/dtm_5.npy,data/synthetic/smooth_1/ori_5.png,smooth_1_5
smooth_1,data/synthetic/smooth_1/dtm_6.npy,data/synthetic/smooth_1/ori_6.png,smooth_1_6
smooth_1,data/synthetic/smooth_1/dtm_7.npy,data/synthetic/smooth_1/ori_7.png,smooth_1_7
smooth_1,data/synthetic/smooth_1/dtm_8.npy,data/synthetic/smooth_1/ori_8.png,smooth_1_8
smooth_1,data/synthetic/smooth_1/dtm_9.npy,data/synthetic/smooth_1/ori_9.png,smooth_1_9
smooth_1,data/synthetic/smooth_1/dtm_10.npy,data/synthetic/smooth_1/ori_10.png,smooth_1_10
smooth_1,data/synthetic/smooth_1/dtm_11.npy,data/synthetic/smooth_1/ori_11.png,smooth_1_11
smooth_1,data/synthetic/smooth_1/dtm_12.npy,data/synthetic/smooth_1/ori_12.png,smooth_1_12
smooth_1,data/synthetic/smooth_1/dtm_13.npy,data/synthetic/smooth_1/ori_13.png,smooth_1_13
smooth_1,data/synthetic/smooth_1/dtm_14.npy,data/synthetic/smooth_1/ori_14.png,smooth_1_14
smooth_1,data/synthetic/smooth_1/dtm_15.npy,data/synthetic/smooth_1/ori_15.png,smooth_1_15
smooth_1,data/synthetic/smooth_1/dtm_16.npy,data/synthetic/smooth_1/ori_16.png,smooth_1_16
smooth_1,data/synthetic/smooth_1/dtm_17.npy,data/synthetic/smooth_1/ori_17.png,smooth_1_17
smooth_1,data/synthetic/smooth_1/dtm_18.npy,data/synthetic/smooth_1/ori_18.png,smooth_1_18
smooth_1,data/synthetic/smooth_1/dtm_19.npy,data/synthetic/smooth_1/ori_19.png,smooth_1_19
smooth_2,data/synthetic/smooth_2/dtm_0.npy,data/synthetic/smooth_2/ori_0.png,smooth_2_0
smooth_2,data/synthetic/smooth_2/dtm_1.npy,data/synthetic/smooth_2/ori_1.png,smooth_2_1
smooth_2,data/synthetic/smooth_2/dtm_2.npy,data/synthetic/smooth_2/ori_2.png,smooth_2_2
smooth_2,data/synthetic/smooth_2/dtm_3.npy,data/synthetic/smooth_2/ori_3.png,smooth_2_3
smooth_2,data/synthetic/smooth_2/dtm_4.npy,data/synthetic/smooth_2/ori_4.png,smooth_2_4
smooth_2,data/synthetic/smooth_2/dtm_5.npy,data/synthetic/smooth_2/ori_5.png,smooth_2_5
smooth_2,data/synthetic/smooth_2/dtm_6.npy,data/synthetic/smooth_2/ori_6.png,smooth_2_6
smooth_2,data/synthetic/smooth_2/dtm_7.npy,data/synthetic/smooth_2/ori_7.png,smooth_2_7
smooth_2,data/synthetic/smooth_2/dtm_8.npy,data/synthetic/smooth_2/ori_8.png,smooth_2_8
smooth_2,data/synthetic/smooth_2/dtm_9.npy,data/synthetic/smooth_2/ori_9.png,smooth_2_9
smooth_2,data/synthetic/smooth_2/dtm_10.npy,data/synthetic/smooth_2/ori_10.png,smooth_2_10
smooth_2,data/synthetic/smooth_2/dtm_11.npy,data/synthetic/smooth_2/ori_11.png,smooth_2_11
smooth_2,data/synthetic/smooth_2/dtm_12.npy,data/synthetic/smooth_2/ori_12.png,smooth_2_12
smooth_2,data/synthetic/smooth_2/dtm_13.npy,data/synthetic/smooth_2/ori_13.png,smooth_2_13
smooth_2,data/synthetic/smooth_2/dtm_14.npy,data/synthetic/smooth_2/ori_14.png,smooth_2_14
smooth_2,data/synthetic/smooth_2/dtm_15.npy,data/synthetic/smooth_2/ori_15.png,smooth_2_15
smooth_2,data/synthetic/smooth_2/dtm_16.npy,data/synthetic/smooth_2/ori_16.png,smooth_2_16
smooth_2,data/synthetic/smooth_2/dtm_17.npy,data/synthetic/smooth_2/ori_17.png,smooth_2_17
smooth_2,data/synthetic/smooth_2/dtm_18.npy,data/synthetic/smooth_2/ori_18.png,smooth_2_18
smooth_2,data/synthetic/smooth_2/dtm_19.npy,data/synthetic/smooth_2/ori_19.png,smooth_2_19
dunes_1,data/synthetic/dunes_1/dtm_0.npy,data/synthetic/dunes_1/ori_0.png,dunes_1_0
dunes_1,data/synthetic/dunes_1/dtm_1.npy,data/synthetic/dunes_1/ori_1.png,dunes_1_1
dunes_1,data/synthetic/dunes_1/dtm_2.npy,data/synthetic/dunes_1/ori_2.png,dunes_1_2
dunes_1,data/synthetic/dunes_1/dtm_3.npy,data/synthetic/dunes_1/ori_3.png,dunes_1_3
dunes_1,data/synthetic/dunes_1/dtm_4.npy,data/synthetic/dunes_1/ori_4.png,dunes_1_4
dunes_1,data/synthetic/dunes_1/dtm_5.npy,data/synthetic/dunes_1/ori_5.png,dunes_1_5
dunes_1,data/synthetic/dunes_1/dtm_6.npy,data/synthetic/dunes_1/ori_6.png,dunes_1_6
dunes_1,data/synthetic/dunes_1/dtm_7.npy,data/synthetic/dunes_1/ori_7.png,dunes_1_7
dunes_1,data/synthetic/dunes_1/dtm_8.npy,data/synthetic/dunes_1/ori_8.png,dunes_1_8
dunes_1,data/synthetic/dunes_1/dtm_9.npy,data/synthetic/dunes_1/ori_9.png,dunes_1_9
dunes_1,data/synthetic/dunes_1/dtm_10.npy,data/synthetic/dunes_1/ori_10.png,dunes_1_10
dunes_1,data/synthetic/dunes_1/dtm_11.npy,data/synthetic/dunes_1/ori_11.png,dunes_1_11
dunes_1,data/synthetic/dunes_1/dtm_12.npy,data/synthetic/dunes_1/ori_12.png,dunes_1_12
dunes_1,data/synthetic/dunes_1/dtm_13.npy,data/synthetic/dunes_1/ori_13.png,dunes_1_13
dunes_1,data/synthetic/dunes_1/dtm_14.npy,data/synthetic/dunes_1/ori_14.png,dunes_1_14
dunes_1,data/synthetic/dunes_1/dtm_15.npy,data/synthetic/dunes_1/ori_15.png,dunes_1_15
dunes_1,data/synthetic/dunes_1/dtm_16.npy,data/synthetic/dunes_1/ori_16.png,dunes_1_16
dunes_1,data/synthetic/dunes_1/dtm_17.npy,data/synthetic/dunes_1/ori_17.png,dunes_1_17
dunes_1,data/synthetic/dunes_1/dtm_18.npy,data/synthetic/dunes_1/ori_18.png,dunes_1_18
dunes_1,data/synthetic/dunes_1/dtm_19.npy,data/synthetic/dunes_1/ori_19.png,dunes_1_19
dunes_2,data/synthetic/dunes_2/dtm_0.npy,data/synthetic/dunes_2/ori_0.png,dunes_2_0
dunes_2,data/synthetic/dunes_2/dtm_1.npy,data/synthetic/dunes_2/ori_1.png,dunes_2_1
dunes_2,data/synthetic/dunes_2/dtm_2.npy,data/synthetic/dunes_2/ori_2.png,dunes_2_2
dunes_2,data/synthetic/dunes_2/dtm_3.npy,data/synthetic/dunes_2/ori_3.png,dunes_2_3
dunes_2,data/synthetic/dunes_2/dtm_4.npy,data/synthetic/dunes_2/ori_4.png,dunes_2_4
dunes_2,data/synthetic/dunes_2/dtm_5.npy,data/synthetic/dunes_2/ori_5.png,dunes_2_5
dunes_2,data/synthetic/dunes_2/dtm_6.npy,data/synthetic/dunes_2/ori_6.png,dunes_2_6
dunes_2,data/synthetic/dunes_2/dtm_7.npy,data/synthetic/dunes_2/ori_7.png,dunes_2_7
dunes_2,data/synthetic/dunes_2/dtm_8.npy,data/synthetic/dunes_2/ori_8.png,dunes_2_8
dunes_2,data/synthetic/dunes_2/dtm_9.npy,data/synthetic/dunes_2/ori_9.png,dunes_2_9
dunes_2,data/synthetic/dunes_2/dtm_10.npy,data/synthetic/dunes_2/ori_10.png,dunes_2_10
dunes_2,data/synthetic/dunes_2/dtm_11.npy,data/synthetic/dunes_2/ori_11.png,dunes_2_11
dunes_2,data/synthetic/dunes_2/dtm_12.npy,data/synthetic/dunes_2/ori_12.png,dunes_2_12
dunes_2,data/synthetic/dunes_2/dtm_13.npy,data/synthetic/dunes_2/ori_13.png,dunes_2_13
dunes_2,data/synthetic/dunes_2/dtm_14.npy,data/synthetic/dunes_2/ori_14.png,dunes_2_14
dunes_2,data/synthetic/dunes_2/dtm_15.npy,data/synthetic/dunes_2/ori_15.png,dunes_2_15
dunes_2,data/synthetic/dunes_2/dtm_16.npy,data/synthetic/dunes_2/ori_16.png,dunes_2_16
dunes_2,data/synthetic/dunes_2/dtm_17.npy,data/synthetic/dunes_2/ori_17.png,dunes_2_17
dunes_2,data/synthetic/dunes_2/dtm_18.npy,data/synthetic/dunes_2/ori_18.png,dunes_2_18
dunes_2,data/synthetic/dunes_2/dtm_19.npy,data/synthetic/dunes_2/ori_19.png,dunes_2_19
