tile_id,A1_f1,A1_iou,A2_f1,A2_iou,A3_f1,A3_iou,A4_f1,A4_iou,A5_f1,A5_iou,A6_f1,A6_iou
crater_2_0,0.8933076023746115,0.807186905163212,0.9423467298631968,0.8909788925299279,0.0261235604144954,0.013234649103335862,0.027150682289868572,0.01376216759789135,0.030942014656337707,0.01571412148598789,0.9867746418183297,0.9738945474648668
crater_2_1,0.8391139975299826,0.7228220551292838,0.940739477251597,0.8881096448743728,0.05114886274215504,0.026245650403493997,0.05723523223442103,0.029460712028649052,0.05804321855034997,0.029889038783972005,0.979228867146519,0.9593030655185811
crater_2_2,0.7569753493371004,0.6089785562285049,0.939598529861678,0.8860781182874249,0.04760103235506902,0.02438079365110223,0.05927067760989435,0.030540414965951643,0.05642179951448833,0.02902986028036784,0.9755793898006913,0.9523230886260792
crater_2_3,0.8982133042479057,0.8152333993369981,0.9426379254972955,0.8914996647545091,0.02559197781843354,0.012961849402017544,0.026620376156582987,0.013489739356496413,0.030532005857627133,0.015502667558771846,0.9874010946197205,0.9751157138798919
crater_2_4,0.8702441285289385,0.7702939717635617,0.9416873528500305,0.8898007264933518,0.0420751677115508,0.021489675836463124,0.045213772816109464,0.023129779145617858,0.04866464442311811,0.02493915084828713,0.9833983059164598,0.9673388520538081
crater_2_5,0.9157917210007863,0.8446640262409176,0.9428689974976051,0.8919131164539104,0.026683066164065287,0.013521937018348229,0.027050938950489746,0.01371091632432875,0.03144831235005233,0.01597535577924304,0.9903763531464674,0.9809361796713354
crater_2_6,0.9084910815046445,0.8323258521044643,0.9419450621154551,0.8902610231524734,0.02563680035620675,0.01298484574347529,0.02619755299167127,0.013272632018969527,0.030470659729877177,0.015471036881565248,0.9891344802974648,0.9785025514373222
crater_2_7,0.9110102428438775,0.8365645737621092,0.94271451705302,0.8916366882003506,0.02455872265535746,0.012432019212644384,0.025118190037476087,0.012718832312236915,0.029383685096727553,0.01491091199743921,0.9894877096411624,0.979194146352037
crater_2_8,0.7583733378344671,0.610790158359443,0.9380403124459733,0.8833106688094725,0.06470730695401072,0.03343541332669164,0.08043286378468348,0.041901564106511184,0.0723551302237975,0.03753551060924642,0.969214679607169,0.9402682305672593
crater_2_9,0.7089388663479275,0.5491133263736695,0.9378165229159887,0.8829138774635811,0.06393309769386217,0.03302215549068193,0.08575476540421802,0.044798213695003725,0.07354095236970724,0.03817416058191929,0.9696657888753671,0.9411177345209745
crater_2_10,0.8646274806060688,0.7615363897023848,0.9411152173645513,0.8887796313952779,0.037284082883561255,0.018996170010293773,0.040428996820764854,0.02063155538948139,0.04319235025017477,0.022072865836646357,0.98282355880188,0.9662272235412371
crater_2_11,0.7831518524679723,0.6435904612055469,0.9384542732890045,0.8840450854760957,0.04775974085168417,0.024464071145942085,0.057717366377441424,0.029716255860240216,0.05371403051727648,0.027598223073444,0.9729326038497675,0.9472918887579498
crater_2_12,0.6849233189972129,0.5208238697491961,0.9353460336385904,0.8785446469773627,0.07839077748041859,0.04079434123338264,0.1083221559341843,0.057262476502597214,0.08652645686515142,0.045219575727516316,0.9576778456959752,0.9187925741766703
crater_2_13,0.8376488405606911,0.7206504181527469,0.9416895493912841,0.8898046488103831,0.051212066484242126,0.02627893398764252,0.057432646234048146,0.029565331310471274,0.0590740730473566,0.03043602814790818,0.9789041048843178,0.9586799039701226
crater_2_14,0.9210991987551527,0.8537385521985585,0.9423205959209134,0.8909321687880405,0.022705779698760916,0.011483258536181632,0.022977359439210875,0.011622203740430135,0.026974297538975112,0.013671539418431,0.9913584211154862,0.9828649262362709
crater_2_15,0.7508136674505046,0.6010421788777693,0.9388145137878708,0.884684662021059,0.06531275965879532,0.033758822882114625,0.08167385976742451,0.04257558700140743,0.0737037009414844,0.0382618734666966,0.9675415739738273,0.937124013190743
crater_2_16,0.9173290068235056,0.8472832668834648,0.9427004997011468,0.891611609460871,0.01902908172775533,0.009605937457069605,0.019158162709548877,0.009671727857588385,0.02283547856697373,0.011549610274333382,0.9906024680717382,0.9813799287635626
crater_2_17,0.8599495515981909,0.7543083391993545,0.9404773497797245,0.8876425237489236,0.04015848424379438,0.0204906806947527,0.043671114541769585,0.02232299272277641,0.04660057029156037,0.023856141332298294,0.9822772763857903,0.9651718129281142
crater_2_18,0.7561152963644387,0.6078660682121894,0.9385614104977693,0.8842352531755479,0.0690527817242923,0.03576109451561187,0.0867442466084258,0.04533855350089026,0.07769916644714021,0.04041988092355276,0.9681322200929522,0.9382328323716316
crater_2_19,0.8882739217993717,0.7990043124884898,0.9419296863656696,0.8902335541115264,0.024264683444606222,0.012281344036574148,0.025225712515934424,0.012773972863639928,0.029373000295798445,0.014905409347363362,0.9859502092440439,0.9722897515404383
rocky_2_0,0.8606056284487987,0.7553184908688134,0.8606056284487987,0.7553184908688134,0.0,0.0,0.0,0.0,0.0,0.0,0.9090384416404219,0.8332451714409581
rocky_2_1,0.8624864160862121,0.7582207694686027,0.8624864160862121,0.7582207694686027,0.0,0.0,0.0,0.0,0.0,0.0,0.9092391842715943,0.83358256022134
rocky_2_2,0.8618598664846908,0.7572528635887115,0.8618598664846908,0.7572528635887115,0.0,0.0,0.0,0.0,0.0,0.0,0.9087417318440968,0.8327467176649164
rocky_2_3,0.8613875573592534,0.7565239355219191,0.8613875573592534,0.7565239355219191,0.0,0.0,0.0,0.0,0.0,0.0,0.9092694405720207,0.8336334228515484
rocky_2_4,0.8625062737573861,0.7582514634137592,0.8625062737573861,0.7582514634137592,0.0,0.0,0.0,0.0,0.0,0.0,0.9094045648900022,0.8338606092664789
rocky_2_5,0.8615487619595604,0.7567726591654282,0.8615487619595604,0.7567726591654282,0.0,0.0,0.0,0.0,0.0,0.0,0.9084095080380435,0.8321889241536317
rocky_2_6,0.8612867456188644,0.7563684282113154,0.8612867456188644,0.7563684282113154,0.0,0.0,0.0,0.0,0.0,0.0,0.909235149971377,0.8335757785373122
rocky_2_7,0.8612088419503945,0.7562482766422141,0.8612088419503945,0.7562482766422141,0.0,0.0,0.0,0.0,0.0,0.0,0.9084509208221635,0.8322584364149165
rocky_2_8,0.8617406834653718,0.757068867991219,0.8617406834653718,0.757068867991219,0.0,0.0,0.0,0.0,0.0,0.0,0.9082903024870346,0.8319888644748122
rocky_2_9,0.8617652896171805,0.7571068519879963,0.8617652896171805,0.7571068519879963,0.0,0.0,0.0,0.0,0.0,0.0,0.9085408060529202,0.8324093288845344
rocky_2_10,0.8621354452102007,0.7576784515946604,0.8621354452102007,0.7576784515946604,0.0,0.0,0.0,0.0,0.0,0.0,0.9098530585282785,0.8346150716145692
rocky_2_11,0.8629486525796144,0.758935525058662,0.8629486525796144,0.758935525058662,0.0,0.0,0.0,0.0,0.0,0.0,0.9098631327992447,0.8346320258246386
rocky_2_12,0.8622342037792331,0.7578310188537805,0.8622342037792331,0.7578310188537805,0.0,0.0,0.0,0.0,0.0,0.0,0.9088002792081628,0.8328450520833192
rocky_2_13,0.8624738556989352,0.7582013554674392,0.8624738556989352,0.7582013554674392,0.0,0.0,0.0,0.0,0.0,0.0,0.909237167125216,0.8335791693793261
rocky_2_14,0.8623309113940394,0.7579804433638411,0.8623309113940394,0.7579804433638411,0.0,0.0,0.0,0.0,0.0,0.0,0.9095376396973809,0.8340844048393956
rocky_2_15,0.8614353448818863,0.7565976598614309,0.8614353448818863,0.7565976598614309,0.0,0.0,0.0,0.0,0.0,0.0,0.907724226077816,0.8310394287109234
rocky_2_16,0.862117767895007,0.7576511455736216,0.862117767895007,0.7576511455736216,0.0,0.0,0.0,0.0,0.0,0.0,0.9094912688301395,0.8340064154730761
rocky_2_17,0.861701705360765,0.7570087016759959,0.861701705360765,0.7570087016759959,0.0,0.0,0.0,0.0,0.0,0.0,0.9094509431310703,0.8339385986327984
rocky_2_18,0.8622187770427646,0.7578071851017941,0.8622187770427646,0.7578071851017941,0.0,0.0,0.0,0.0,0.0,0.0,0.9098883176620681,0.8346744113498122
rocky_2_19,0.8633468177307835,0.7595516732761456,0.8633468177307835,0.7595516732761456,0.0,0.0,0.0,0.0,0.0,0.0,0.9095245352868416,0.8340623643663053
smooth_2_0,0.945004936190524,0.8957434760199501,0.945004936190524,0.8957434760199501,0.0,0.0,0.0,0.0,0.0,0.0,0.9999999949999829,0.999999999999983
smooth_2_1,0.9443346155113396,0.8945397271050195,0.9443346155113396,0.8945397271050195,0.0,0.0,0.0,0.0,0.0,0.0,0.9999999949999829,0.999999999999983
smooth_2_2,0.9445792396096158,0.8949788411458182,0.9445792396096158,0.8949788411458182,0.0,0.0,0.0,0.0,0.0,0.0,0.9999999949999829,0.999999999999983
smooth_2_3,0.9449766300067364,0.8956926133897417,0.9449766300067364,0.8956926133897417,0.0,0.0,0.0,0.0,0.0,0.0,0.9999999949999829,0.999999999999983
smooth_2_4,0.9433284823335432,0.8927357991536307,0.9433284823335432,0.8927357991536307,0.0,0.0,0.0,0.0,0.0,0.0,0.9999999949999829,0.999999999999983
smooth_2_5,0.9443827937010825,0.8946261935763737,0.9443827937010825,0.8946261935763737,0.0,0.0,0.0,0.0,0.0,0.0,0.9999999949999829,0.999999999999983
smooth_2_6,0.9445367454911352,0.8949025472005057,0.9445367454911352,0.8949025472005057,0.0,0.0,0.0,0.0,0.0,0.0,0.9999999949999829,0.999999999999983
smooth_2_7,0.943592494075588,0.8932088216145682,0.943592494075588,0.8932088216145682,0.0,0.0,0.0,0.0,0.0,0.0,0.9999999949999829,0.999999999999983
smooth_2_8,0.943612360588502,0.893244425455714,0.943612360588502,0.893244425455714,0.0,0.0,0.0,0.0,0.0,0.0,0.9999999949999829,0.999999999999983
smooth_2_9,0.9445603537571777,0.8949449327256792,0.9445603537571777,0.8949449327256792,0.0,0.0,0.0,0.0,0.0,0.0,0.9999999949999829,0.999999999999983
smooth_2_10,0.944670826406566,0.8951432969834917,0.944670826406566,0.8951432969834917,0.0,0.0,0.0,0.0,0.0,0.0,0.9999999949999829,0.999999999999983
smooth_2_11,0.9446273954742694,0.8950653076171723,0.9446273954742694,0.8950653076171723,0.0,0.0,0.0,0.0,0.0,0.0,0.9999999949999829,0.999999999999983
smooth_2_12,0.9447350221069797,0.8952585856119639,0.9447350221069797,0.8952585856119639,0.0,0.0,0.0,0.0,0.0,0.0,0.9999999949999829,0.999999999999983
smooth_2_13,0.9446925405322822,0.8951822916666514,0.9446925405322822,0.8951822916666514,0.0,0.0,0.0,0.0,0.0,0.0,0.9999999949999829,0.999999999999983
smooth_2_14,0.943643577884888,0.8933003743489432,0.943643577884888,0.8933003743489432,0.0,0.0,0.0,0.0,0.0,0.0,0.9999999949999829,0.999999999999983
smooth_2_15,0.9448331886612005,0.8954349093966862,0.9448331886612005,0.8954349093966862,0.0,0.0,0.0,0.0,0.0,0.0,0.9999999949999829,0.999999999999983
smooth_2_16,0.9439414683346518,0.8938344319661307,0.9439414683346518,0.8938344319661307,0.0,0.0,0.0,0.0,0.0,0.0,0.9999999949999829,0.999999999999983
smooth_2_17,0.9449228440726319,0.895595974392346,0.9449228440726319,0.895595974392346,0.0,0.0,0.0,0.0,0.0,0.0,0.9999999949999829,0.999999999999983
smooth_2_18,0.9440029168825768,0.893944634331582,0.9440029168825768,0.893944634331582,0.0,0.0,0.0,0.0,0.0,0.0,0.9999999949999829,0.999999999999983
smooth_2_19,0.9440983842851627,0.8941158718532835,0.9440983842851627,0.8941158718532835,0.0,0.0,0.0,0.0,0.0,0.0,0.9999999949999829,0.999999999999983
dunes_2_0,0.9442883225198067,0.8944566514756792,0.9442883225198067,0.8944566514756792,0.0,0.0,0.0,0.0,0.0,0.0,0.9999999949999829,0.999999999999983
dunes_2_1,0.9442042289458833,0.8943057590060612,0.9442042289458833,0.8943057590060612,0.0,0.0,0.0,0.0,0.0,0.0,0.9999999949999829,0.999999999999983
dunes_2_2,0.9440445087641635,0.8940192328558876,0.9440445087641635,0.8940192328558876,0.0,0.0,0.0,0.0,0.0,0.0,0.9999999949999829,0.999999999999983
dunes_2_3,0.9438828492092726,0.8937293158637001,0.9438828492092726,0.8937293158637001,0.0,0.0,0.0,0.0,0.0,0.0,0.9999999949999829,0.999999999999983
dunes_2_4,0.9438667750864661,0.893700493706582,0.9438667750864661,0.893700493706582,0.0,0.0,0.0,0.0,0.0,0.0,0.9999999949999829,0.999999999999983
dunes_2_5,0.944389406050584,0.8946380615234223,0.944389406050584,0.8946380615234223,0.0,0.0,0.0,0.0,0.0,0.0,0.9999999949999829,0.999999999999983
dunes_2_6,0.9443809044431521,0.8946228027343598,0.9443809044431521,0.8946228027343598,0.0,0.0,0.0,0.0,0.0,0.0,0.9999999949999829,0.999999999999983
dunes_2_7,0.9441239023500358,0.894161648220471,0.9441239023500358,0.894161648220471,0.0,0.0,0.0,0.0,0.0,0.0,0.9999999949999829,0.999999999999983
dunes_2_8,0.9445329680705575,0.8948957655164779,0.9445329680705575,0.8948957655164779,0.0,0.0,0.0,0.0,0.0,0.0,0.9999999949999829,0.999999999999983
dunes_2_9,0.9443884614342984,0.8946363661024154,0.9443884614342984,0.8946363661024154,0.0,0.0,0.0,0.0,0.0,0.0,0.9999999949999829,0.999999999999983
dunes_2_10,0.9449049142092208,0.8955637613932139,0.9449049142092208,0.8955637613932139,0.0,0.0,0.0,0.0,0.0,0.0,0.9999999949999829,0.999999999999983
dunes_2_11,0.944604734438318,0.8950246175130057,0.944604734438318,0.8950246175130057,0.0,0.0,0.0,0.0,0.0,0.0,0.9999999949999829,0.999999999999983
dunes_2_12,0.9439064867363367,0.8937717013888737,0.9439064867363367,0.8937717013888737,0.0,0.0,0.0,0.0,0.0,0.0,0.9999999949999829,0.999999999999983
dunes_2_13,0.9444290784080388,0.894709269205714,0.9444290784080388,0.894709269205714,0.0,0.0,0.0,0.0,0.0,0.0,0.9999999949999829,0.999999999999983
dunes_2_14,0.9442278520893509,0.8943481445312348,0.9442278520893509,0.8943481445312348,0.0,0.0,0.0,0.0,0.0,0.0,0.9999999949999829,0.999999999999983
dunes_2_15,0.9442779296575515,0.8944380018446029,0.9442779296575515,0.8944380018446029,0.0,0.0,0.0,0.0,0.0,0.0,0.9999999949999829,0.999999999999983
dunes_2_16,0.9438128759273684,0.8936038547091862,0.9438128759273684,0.8936038547091862,0.0,0.0,0.0,0.0,0.0,0.0,0.9999999949999829,0.999999999999983
dunes_2_17,0.9442807640948235,0.8944430881076237,0.9442807640948235,0.8944430881076237,0.0,0.0,0.0,0.0,0.0,0.0,0.9999999949999829,0.999999999999983
dunes_2_18,0.944848289586963,0.8954620361327973,0.944848289586963,0.8954620361327973,0.0,0.0,0.0,0.0,0.0,0.0,0.9999999949999829,0.999999999999983
dunes_2_19,0.9442070637789165,0.894310845269082,0.9442070637789165,0.894310845269082,0.0,0.0,0.0,0.0,0.0,0.0,0.9999999949999829,0.999999999999983
