tile_id,B1_f1,B1_iou,B2_f1,B2_iou,B3_f1,B3_iou,B4_f1,B4_iou,B5_f1,B5_iou
crater_2_0,0.9425199288779216,0.8912886058581658,0.0,0.0,0.5689791788013451,0.39760370833231673,0.9371123307185713,0.8816663953992906,0.05979590613198077,0.030819412239824956
crater_2_1,0.8835475571566763,0.7913884480118444,3.819539590675533e-06,1.910832893841731e-06,0.48182820232787577,0.31737396868277523,0.8766102310678767,0.7803259955512021,0.09075900230779022,0.04753674451746609
crater_2_2,0.7954959640158853,0.6604344595480456,0.0,0.0,0.36595071099073834,0.22395329165596195,0.7913677862134929,0.6547631157768986,0.08368574080626343,0.043670287537483435
crater_2_3,0.9476043450566332,0.9004259473043662,0.0,0.0,0.5745656643279929,0.40308112155867803,0.9423393955744651,0.8909657796223807,0.05634674407576847,0.028990180247065477
crater_2_4,0.9173649486632267,0.847344593842199,0.0,0.0,0.5332611954922498,0.3635693009563741,0.911134018132162,0.8367733425564094,0.07692306778423887,0.04000008404511844
crater_2_5,0.966869867382371,0.9358645600683656,0.0,0.0,0.6045542546403486,0.4332337986693471,0.9628018284060317,0.9282718234591857,0.05077833571673642,0.026050614607903016
crater_2_6,0.9595796071646772,0.9222998927881311,0.0,0.0,0.5923565829473344,0.42081437827404844,0.9551048124398616,0.9140675862630053,0.05268929303890638,0.027057518326757724
crater_2_7,0.9616036740286046,0.9260468855671793,0.0,0.0,0.5969059067646777,0.42542115749214465,0.9572568683390158,0.9180179172091858,0.05021470944966675,0.025754035046019485
crater_2_8,0.7962620578237173,0.6614912082957503,0.0,0.0,0.3698682346541978,0.2268946894689428,0.788194307694309,0.6504296196831487,0.11114665738777318,0.058843497028021705
crater_2_9,0.7420437182554622,0.5898803770255019,0.0,0.0,0.3082211377466734,0.18218760767669584,0.7389108589101278,0.5859307183159623,0.10324443714774201,0.0544322527786271
crater_2_10,0.9119807037519296,0.8382027010322415,0.0,0.0,0.5222112363009915,0.3533734018292685,0.9054875509927769,0.8272976345485971,0.07393363498037811,0.03838587844360347
crater_2_11,0.8250721119523301,0.702232135805945,0.00035625543193595286,0.00017816102193161828,0.4059454398285539,0.25466220297218883,0.8162170413110392,0.6894989013671758,0.09492997320769558,0.04983028893438883
crater_2_12,0.7112150682322055,0.5518493100886032,0.0,0.0,0.28473681541342905,0.1660018263084508,0.7060254636231768,0.5456254747178727,0.12647456541043153,0.06750633028408809
crater_2_13,0.8807068651190284,0.7868420224428213,0.0,0.0,0.47717324362557234,0.31334703560653143,0.8738723381049003,0.775997585720473,0.09403453765382162,0.049337019710375164
crater_2_14,0.9733857714311052,0.9481514614550733,0.0,0.0,0.615468168183037,0.4445316174930481,0.9697190373958123,0.9412180582682131,0.04653307765460341,0.023820808106248616
crater_2_15,0.7848865705385728,0.6459368808103364,0.0,0.0,0.3599715859321806,0.21949107031460086,0.7782682226054386,0.6370205349392253,0.11542045892519301,0.061244866366736025
crater_2_16,0.9688106133902465,0.9395079465156099,0.0,0.0,0.6083612407012815,0.43715457270126834,0.9647760829738219,0.9319491916232481,0.044452499858094865,0.022731513902535333
crater_2_17,0.9073337268478732,0.8303850482398993,0.0,0.0,0.5162624131399965,0.34794725429864276,0.9008442680900816,0.8195783827039791,0.0785747600133727,0.040894091038247704
crater_2_18,0.7910659949816763,0.6543500304197816,0.0,0.0,0.36334553907380396,0.22200504368058216,0.7844018970775656,0.6452806260850585,0.11721971409868334,0.06225892526001431
crater_2_19,0.9371679930671651,0.8817649415310505,0.0,0.0,0.5605048274267745,0.3893759732535126,0.9315711627479413,0.8719075520833185,0.05729734612278627,0.029493661550411127
rocky_2_0,0.0,0.0,0.0,0.0,0.06531857967926309,0.033761930896489864,0.9090384416404219,0.8332451714409581,0.0,0.0
rocky_2_1,0.0,0.0,0.0,0.0,0.06622889894973852,0.03424857246993006,0.9092391842715943,0.83358256022134,0.0,0.0
rocky_2_2,0.0,0.0,0.0,0.0,0.06527360303694242,0.03373789900111594,0.9087417318440968,0.8327467176649164,0.0,0.0
rocky_2_3,0.0,0.0,0.0,0.0,0.0653131400553049,0.033759024338889304,0.9092694405720207,0.8336334228515484,0.0,0.0
rocky_2_4,0.0,0.0,0.0,0.0,0.06574504785083271,0.03398985667391121,0.9094045648900022,0.8338606092664789,0.0,0.0
rocky_2_5,0.0,0.0,0.0,0.0,0.06663281696513601,0.034464647120137845,0.9084095080380435,0.8321889241536317,0.0,0.0
rocky_2_6,0.0,0.0,0.0,0.0,0.06522705611763642,0.0337130292526476,0.909235149971377,0.8335757785373122,0.0,0.0
rocky_2_7,0.0,0.0,0.0,0.0,0.06627702406529339,0.03427431211078349,0.9084509208221635,0.8322584364149165,0.0,0.0
rocky_2_8,0.0,0.0,0.0,0.0,0.06564162449075499,0.03393457286167095,0.9082903024870346,0.8319888644748122,0.0,0.0
rocky_2_9,0.0,0.0,0.0,0.0,0.06482838378109035,0.033500069952330354,0.9085408060529202,0.8324093288845344,0.0,0.0
rocky_2_10,0.0,0.0,0.0,0.0,0.06639154951256955,0.034335571012616584,0.9098530585282785,0.8346150716145692,0.0,0.0
rocky_2_11,0.0,0.0,0.0,0.0,0.06547007773344796,0.03384288747346004,0.9098631327992447,0.8346320258246386,0.0,0.0
rocky_2_12,0.0,0.0,0.0,0.0,0.06590770967367905,0.03407681771394694,0.9088002792081628,0.8328450520833192,0.0,0.0
rocky_2_13,0.0,0.0,0.0,0.0,0.06564613056469701,0.03393698140866447,0.909237167125216,0.8335791693793261,0.0,0.0
rocky_2_14,0.0,0.0,0.0,0.0,0.06584048004300508,0.03404087414002359,0.9095376396973809,0.8340844048393956,0.0,0.0
rocky_2_15,0.0,0.0,0.0,0.0,0.06456062508977853,0.03335709020912074,0.907724226077816,0.8310394287109234,0.0,0.0
rocky_2_16,0.0,0.0,0.0,0.0,0.06559886245177586,0.0339117166124299,0.9094912688301395,0.8340064154730761,0.0,0.0
rocky_2_17,0.0,0.0,0.0,0.0,0.06707343233669677,0.03470045588738115,0.9094509431310703,0.8339385986327984,0.0,0.0
rocky_2_18,0.0,0.0,0.0,0.0,0.06605090512825901,0.034153383896489746,0.9098883176620681,0.8346744113498122,0.0,0.0
rocky_2_19,0.0,0.0,0.0,0.0,0.0658403512022086,0.034040805259397816,0.9095245352868416,0.8340623643663053,0.0,0.0
smooth_2_0,0.9999999949999829,0.999999999999983,0.0,0.0,0.8711902017454823,0.7717776828341882,0.9999999949999829,0.999999999999983,0.0,0.0
smooth_2_1,0.9999999949999829,0.999999999999983,0.0,0.0,0.8705633595879878,0.7707943386501606,0.9999999949999829,0.999999999999983,0.0,0.0
smooth_2_2,0.9999999949999829,0.999999999999983,0.0,0.0,0.8711091837425395,0.7716505262586675,0.9999999949999829,0.999999999999983,0.0,0.0
smooth_2_3,0.9999999949999829,0.999999999999983,0.0,0.0,0.8710465218453955,0.7715521918402647,0.9999999949999829,0.999999999999983,0.0,0.0
smooth_2_4,0.9999999949999829,0.999999999999983,0.0,0.0,0.8705666036661737,0.7707994249131813,0.9999999949999829,0.999999999999983,0.0,0.0
smooth_2_5,0.9999999949999829,0.999999999999983,0.0,0.0,0.870289708588365,0.7703653971354036,0.9999999949999829,0.999999999999983,0.0,0.0
smooth_2_6,0.9999999949999829,0.999999999999983,0.0,0.0,0.8711048624557132,0.7716437445746397,0.9999999949999829,0.999999999999983,0.0,0.0
smooth_2_7,0.9999999949999829,0.999999999999983,0.0,0.0,0.8701739348618834,0.7701839870876606,0.9999999949999829,0.999999999999983,0.0,0.0
smooth_2_8,0.9999999949999829,0.999999999999983,0.0,0.0,0.8720871035887927,0.7731865776909591,0.9999999949999829,0.999999999999983,0.0,0.0
smooth_2_9,0.9999999949999829,0.999999999999983,0.0,0.0,0.8706347250034417,0.7709062364366188,0.9999999949999829,0.999999999999983,0.0,0.0
smooth_2_10,0.9999999949999829,0.999999999999983,0.0,0.0,0.8702723981379857,0.7703382703992925,0.9999999949999829,0.999999999999983,0.0,0.0
smooth_2_11,0.9999999949999829,0.999999999999983,0.0,0.0,0.8699682968585333,0.7698618570963411,0.9999999949999829,0.999999999999983,0.0,0.0
smooth_2_12,0.9999999949999829,0.999999999999983,0.0,0.0,0.8707979665080275,0.7711622450086675,0.9999999949999829,0.999999999999983,0.0,0.0
smooth_2_13,0.9999999949999829,0.999999999999983,0.0,0.0,0.8703048547972893,0.7703891330295008,0.9999999949999829,0.999999999999983,0.0,0.0
smooth_2_14,0.9999999949999829,0.999999999999983,0.0,0.0,0.8711545552569213,0.7717217339409591,0.9999999949999829,0.999999999999983,0.0,0.0
smooth_2_15,0.9999999949999829,0.999999999999983,0.0,0.0,0.8710227517197936,0.7715148925781119,0.9999999949999829,0.999999999999983,0.0,0.0
smooth_2_16,0.9999999949999829,0.999999999999983,0.0,0.0,0.8692414706480488,0.7687242296006814,0.9999999949999829,0.999999999999983,0.0,0.0
smooth_2_17,0.9999999949999829,0.999999999999983,0.0,0.0,0.8715886410247727,0.7724032931857507,0.9999999949999829,0.999999999999983,0.0,0.0
smooth_2_18,0.9999999949999829,0.999999999999983,0.0,0.0,0.8712431272270239,0.7718607584635285,0.9999999949999829,0.999999999999983,0.0,0.0
smooth_2_19,0.9999999949999829,0.999999999999983,0.0,0.0,0.8699206647510083,0.7697872585720356,0.9999999949999829,0.999999999999983,0.0,0.0
dunes_2_0,0.9999999949999829,0.999999999999983,0.0,0.0,0.9437476222157933,0.8934868706597071,0.9999999949999829,0.999999999999983,0.0,0.0
dunes_2_1,0.9999999949999829,0.999999999999983,0.0,0.0,0.9430927474863132,0.8923136393229015,0.9999999949999829,0.999999999999983,0.0,0.0
dunes_2_2,0.9999999949999829,0.999999999999983,0.0,0.0,0.9435555971405372,0.8931427001952973,0.9999999949999829,0.999999999999983,0.0,0.0
dunes_2_3,0.9999999949999829,0.999999999999983,0.0,0.0,0.9434146081903491,0.8928900824652626,0.9999999949999829,0.999999999999983,0.0,0.0
dunes_2_4,0.9999999949999829,0.999999999999983,0.0,0.0,0.9434070372493336,0.8928765190972071,0.9999999949999829,0.999999999999983,0.0,0.0
dunes_2_5,0.9999999949999829,0.999999999999983,0.0,0.0,0.9441711547689667,0.8942464192708182,0.9999999949999829,0.999999999999983,0.0,0.0
dunes_2_6,0.9999999949999829,0.999999999999983,0.0,0.0,0.9438658295345929,0.8936987982855751,0.9999999949999829,0.999999999999983,0.0,0.0
dunes_2_7,0.9999999949999829,0.999999999999983,0.0,0.0,0.9436511454364652,0.8933139377169987,0.9999999949999829,0.999999999999983,0.0,0.0
dunes_2_8,0.9999999949999829,0.999999999999983,0.0,0.0,0.9430842249800819,0.892298380533839,0.9999999949999829,0.999999999999983,0.0,0.0
dunes_2_9,0.9999999949999829,0.999999999999983,0.0,0.0,0.9440057527967657,0.8939497205946029,0.9999999949999829,0.999999999999983,0.0,0.0
dunes_2_10,0.9999999949999829,0.999999999999983,0.0,0.0,0.9434562464266071,0.8929646809895682,0.9999999949999829,0.999999999999983,0.0,0.0
dunes_2_11,0.9999999949999829,0.999999999999983,0.0,0.0,0.9441239023500358,0.894161648220471,0.9999999949999829,0.999999999999983,0.0,0.0
dunes_2_12,0.9999999949999829,0.999999999999983,0.0,0.0,0.9434940965209326,0.893032497829846,0.9999999949999829,0.999999999999983,0.0,0.0
dunes_2_13,0.9999999949999829,0.999999999999983,0.0,0.0,0.9440010262646554,0.8939412434895682,0.9999999949999829,0.999999999999983,0.0,0.0
dunes_2_14,0.9999999949999829,0.999999999999983,0.0,0.0,0.9437920712716769,0.8935665554470335,0.9999999949999829,0.999999999999983,0.0,0.0
dunes_2_15,0.9999999949999829,0.999999999999983,0.0,0.0,0.9438034193672945,0.8935869004991168,0.9999999949999829,0.999999999999983,0.0,0.0
dunes_2_16,0.9999999949999829,0.999999999999983,0.0,0.0,0.9433133378743446,0.8927086724175196,0.9999999949999829,0.999999999999983,0.0,0.0
dunes_2_17,0.9999999949999829,0.999999999999983,0.0,0.0,0.9440927134365767,0.8941056993272418,0.9999999949999829,0.999999999999983,0.0,0.0
dunes_2_18,0.9999999949999829,0.999999999999983,0.0,0.0,0.9431097920864518,0.8923441569010265,0.9999999949999829,0.999999999999983,0.0,0.0
dunes_2_19,0.9999999949999829,0.999999999999983,0.0,0.0,0.9436889815680306,0.8933817545572765,0.9999999949999829,0.999999999999983,0.0,0.0
