tile_id,category,config,safe_fraction,box_area,box_x,box_y,box_w,box_h,aspect_ratio,touches_border,dist_to_border,dist_to_hazard_min,dist_to_hazard_mean,hazard_pixels_in_box,mean_grad,mean_var,mean_intensity,box_iou_vs_D,rob_b1_mask_iou,rob_b1_box_iou,rob_b2_mask_iou,rob_b2_box_iou,rob_n1_mask_iou,rob_n1_box_iou,rob_n2_mask_iou,rob_n2_box_iou
crater_1_0,crater_1,A,0.9083658854166666,0,0,0,0,0,0,False,0,0,0,0,0,0,0,0.0,,,,,,,,
crater_1_0,crater_1,B,0.8572658962673612,0,0,0,0,0,0,False,0,0,0,0,0,0,0,0.0,,,,,,,,
crater_1_0,crater_1,C,0.05523512098524305,0,0,0,0,0,0,False,0,0,0,0,0,0,0,0.0,,,,,,,,
crater_1_0,crater_1,D,0.022845798068576388,0,0,0,0,0,0,False,0,0,0,0,0,0,0,1.0,0.9135071090047393,0.0,0.44356566155874116,0.0,0.959524504084014,0.0,0.7849004903374676,0.0
crater_1_0,crater_1,E,0.0625,0,0,0,0,0,0,False,0,0,0,0,0,0,0,0.0,,,,,,,,
crater_1_0,crater_1,std_9,0.9284939236111112,0,0,0,0,0,0,False,0,0,0,0,0,0,0,0.0,,,,,,,,
crater_1_0,crater_1,std_32,0.9738125271267362,0,0,0,0,0,0,False,0,0,0,0,0,0,0,0.0,,,,,,,,
crater_1_0,crater_1,laplacian,0.9125179714626737,0,0,0,0,0,0,False,0,0,0,0,0,0,0,0.0,,,,,,,,
crater_1_17,crater_1,A,0.9438680013020834,0,0,0,0,0,0,False,0,0,0,0,0,0,0,0.0,,,,,,,,
crater_1_17,crater_1,B,0.6640133327907987,0,0,0,0,0,0,False,0,0,0,0,0,0,0,0.0,,,,,,,,
crater_1_17,crater_1,C,0.21905348036024305,0,0,0,0,0,0,False,0,0,0,0,0,0,0,0.0,,,,,,,,
crater_1_17,crater_1,D,0.049952189127604164,0,0,0,0,0,0,False,0,0,0,0,0,0,0,1.0,0.9351864406779661,0.0,0.20984252281155943,0.0,0.9616511228578163,0.0,0.8320135746606335,0.0
crater_1_17,crater_1,E,0.22916666666666666,0,0,0,0,0,0,False,0,0,0,0,0,0,0,0.0,,,,,,,,
crater_1_17,crater_1,std_9,0.9824947781032987,0,0,0,0,0,0,False,0,0,0,0,0,0,0,0.0,,,,,,,,
crater_1_17,crater_1,std_32,0.9685855441623263,0,0,0,0,0,0,False,0,0,0,0,0,0,0,0.0,,,,,,,,
crater_1_17,crater_1,laplacian,0.9342125786675347,0,0,0,0,0,0,False,0,0,0,0,0,0,0,0.0,,,,,,,,
crater_1_15,crater_1,A,0.9354315863715278,0,0,0,0,0,0,False,0,0,0,0,0,0,0,0.0,,,,,,,,
crater_1_15,crater_1,B,0.7245262993706597,0,0,0,0,0,0,False,0,0,0,0,0,0,0,0.0,,,,,,,,
crater_1_15,crater_1,C,0.1701202392578125,0,0,0,0,0,0,False,0,0,0,0,0,0,0,0.0,,,,,,,,
crater_1_15,crater_1,D,0.048288981119791664,0,0,0,0,0,0,False,0,0,0,0,0,0,0,1.0,0.9134443470639789,0.0,0.27255509641873277,0.0,0.9229755505462112,0.0,0.8840946389496718,0.0
crater_1_15,crater_1,E,0.1857638888888889,0,0,0,0,0,0,False,0,0,0,0,0,0,0,0.0,,,,,,,,
crater_1_15,crater_1,std_9,0.9813791910807291,0,0,0,0,0,0,False,0,0,0,0,0,0,0,0.0,,,,,,,,
crater_1_15,crater_1,std_32,0.9691348605685763,0,0,0,0,0,0,False,0,0,0,0,0,0,0,0.0,,,,,,,,
crater_1_15,crater_1,laplacian,0.9267120361328125,0,0,0,0,0,0,False,0,0,0,0,0,0,0,0.0,,,,,,,,
crater_1_1,crater_1,A,0.9578772650824653,0,0,0,0,0,0,False,0,0,0,0,0,0,0,0.0,,,,,,,,
crater_1_1,crater_1,B,0.5922224256727431,0,0,0,0,0,0,False,0,0,0,0,0,0,0,0.0,,,,,,,,
crater_1_1,crater_1,C,0.2733679877387153,0,0,0,0,0,0,False,0,0,0,0,0,0,0,0.0,,,,,,,,
crater_1_1,crater_1,D,0.048853556315104164,0,0,0,0,0,0,False,0,0,0,0,0,0,0,1.0,0.9037781629116118,0.0,0.17484343367453126,0.0,0.9338936925143821,0.0,0.8342194628340136,0.0
crater_1_1,crater_1,E,0.2934027777777778,0,0,0,0,0,0,False,0,0,0,0,0,0,0,0.0,,,,,,,,
crater_1_1,crater_1,std_9,0.9815809461805556,0,0,0,0,0,0,False,0,0,0,0,0,0,0,0.0,,,,,,,,
crater_1_1,crater_1,std_32,0.9662339952256944,0,0,0,0,0,0,False,0,0,0,0,0,0,0,0.0,,,,,,,,
crater_1_1,crater_1,laplacian,0.9429151746961806,0,0,0,0,0,0,False,0,0,0,0,0,0,0,0.0,,,,,,,,
crater_1_8,crater_1,A,0.9109853108723959,0,0,0,0,0,0,False,0,0,0,0,0,0,0,0.0,,,,,,,,
crater_1_8,crater_1,B,0.8489752875434028,0,0,0,0,0,0,False,0,0,0,0,0,0,0,0.0,,,,,,,,
crater_1_8,crater_1,C,0.06402079264322917,0,0,0,0,0,0,False,0,0,0,0,0,0,0,0.0,,,,,,,,
crater_1_8,crater_1,D,0.024203830295138888,0,0,0,0,0,0,False,0,0,0,0,0,0,0,1.0,0.9500069920290869,0.0,0.4009724291054214,0.0,0.8865184996497485,0.0,0.8995782285599518,0.0
crater_1_8,crater_1,E,0.07118055555555555,0,0,0,0,0,0,False,0,0,0,0,0,0,0,0.0,,,,,,,,
crater_1_8,crater_1,std_9,0.9720679389105903,0,0,0,0,0,0,False,0,0,0,0,0,0,0,0.0,,,,,,,,
crater_1_8,crater_1,std_32,0.9724375406901041,0,0,0,0,0,0,False,0,0,0,0,0,0,0,0.0,,,,,,,,
crater_1_8,crater_1,laplacian,0.9134148491753472,0,0,0,0,0,0,False,0,0,0,0,0,0,0,0.0,,,,,,,,
crater_1_5,crater_1,A,0.9593234592013888,0,0,0,0,0,0,False,0,0,0,0,0,0,0,0.0,,,,,,,,
crater_1_5,crater_1,B,0.5937889946831597,0,0,0,0,0,0,False,0,0,0,0,0,0,0,0.0,,,,,,,,
crater_1_5,crater_1,C,0.2907240125868056,0,0,0,0,0,0,False,0,0,0,0,0,0,0,0.0,,,,,,,,
crater_1_5,crater_1,D,0.060997856987847224,0,0,0,0,0,0,False,0,0,0,0,0,0,0,1.0,0.907323575971339,0.0,0.2069462733344853,0.0,0.9493863334807607,0.0,0.9038856485664997,0.0
crater_1_5,crater_1,E,0.3055555555555556,0,0,0,0,0,0,False,0,0,0,0,0,0,0,0.0,,,,,,,,
crater_1_5,crater_1,std_9,0.9806433783637153,0,0,0,0,0,0,False,0,0,0,0,0,0,0,0.0,,,,,,,,
crater_1_5,crater_1,std_32,0.9663509792751737,0,0,0,0,0,0,False,0,0,0,0,0,0,0,0.0,,,,,,,,
crater_1_5,crater_1,laplacian,0.9429270426432291,0,0,0,0,0,0,False,0,0,0,0,0,0,0,0.0,,,,,,,,
crater_1_11,crater_1,A,0.9217444525824653,0,0,0,0,0,0,False,0,0,0,0,0,0,0,0.0,,,,,,,,
crater_1_11,crater_1,B,0.7970954047309028,0,0,0,0,0,0,False,0,0,0,0,0,0,0,0.0,,,,,,,,
crater_1_11,crater_1,C,0.11148749457465278,0,0,0,0,0,0,False,0,0,0,0,0,0,0,0.0,,,,,,,,
crater_1_11,crater_1,D,0.03532748752170139,0,0,0,0,0,0,False,0,0,0,0,0,0,0,1.0,0.8755868544600939,0.0,0.3309676800613791,0.0,0.8719160601191038,0.0,0.7811430446809509,0.0
crater_1_11,crater_1,E,0.11979166666666667,0,0,0,0,0,0,False,0,0,0,0,0,0,0,0.0,,,,,,,,
crater_1_11,crater_1,std_9,0.9831017388237847,0,0,0,0,0,0,False,0,0,0,0,0,0,0,0.0,,,,,,,,
crater_1_11,crater_1,std_32,0.971099853515625,0,0,0,0,0,0,False,0,0,0,0,0,0,0,0.0,,,,,,,,
crater_1_11,crater_1,laplacian,0.9195878770616319,0,0,0,0,0,0,False,0,0,0,0,0,0,0,0.0,,,,,,,,
crater_2_0,crater_2,A,0.9178975423177084,0,0,0,0,0,0,False,0,0,0,0,0,0,0,0.0,,,,,,,,
crater_2_0,crater_2,B,0.8235270182291666,0,0,0,0,0,0,False,0,0,0,0,0,0,0,0.0,,,,,,,,
crater_2_0,crater_2,C,0.0811275906032986,0,0,0,0,0,0,False,0,0,0,0,0,0,0,0.0,,,,,,,,
crater_2_0,crater_2,D,0.026394314236111112,0,0,0,0,0,0,False,0,0,0,0,0,0,0,1.0,0.8976908274534958,0.0,0.34461061260662457,0.0,0.965178854067743,0.0,0.8718781218781219,0.0
crater_2_0,crater_2,E,0.0920138888888889,0,0,0,0,0,0,False,0,0,0,0,0,0,0,0.0,,,,,,,,
crater_2_0,crater_2,std_9,0.9839375813802084,0,0,0,0,0,0,False,0,0,0,0,0,0,0,0.0,,,,,,,,
crater_2_0,crater_2,std_32,0.97174072265625,0,0,0,0,0,0,False,0,0,0,0,0,0,0,0.0,,,,,,,,
crater_2_0,crater_2,laplacian,0.9172261555989584,0,0,0,0,0,0,False,0,0,0,0,0,0,0,0.0,,,,,,,,
crater_2_17,crater_2,A,0.9254218207465278,0,0,0,0,0,0,False,0,0,0,0,0,0,0,0.0,,,,,,,,
crater_2_17,crater_2,B,0.7750803629557291,0,0,0,0,0,0,False,0,0,0,0,0,0,0,0.0,,,,,,,,
crater_2_17,crater_2,C,0.1306694878472222,0,0,0,0,0,0,False,0,0,0,0,0,0,0,0.0,,,,,,,,
crater_2_17,crater_2,D,0.037499321831597224,0,0,0,0,0,0,False,0,0,0,0,0,0,0,1.0,0.8801137903007316,0.0,0.30139023425242506,0.0,0.9619149792141611,0.0,0.7052943518068026,0.0
crater_2_17,crater_2,E,0.1423611111111111,0,0,0,0,0,0,False,0,0,0,0,0,0,0,0.0,,,,,,,,
crater_2_17,crater_2,std_9,0.9823150634765625,0,0,0,0,0,0,False,0,0,0,0,0,0,0,0.0,,,,,,,,
crater_2_17,crater_2,std_32,0.9706844753689237,0,0,0,0,0,0,False,0,0,0,0,0,0,0,0.0,,,,,,,,
crater_2_17,crater_2,laplacian,0.9226260715060763,0,0,0,0,0,0,False,0,0,0,0,0,0,0,0.0,,,,,,,,
crater_2_15,crater_2,A,0.9528028700086806,0,0,0,0,0,0,False,0,0,0,0,0,0,0,0.0,,,,,,,,
crater_2_15,crater_2,B,0.6328226725260416,0,0,0,0,0,0,False,0,0,0,0,0,0,0,0.0,,,,,,,,
crater_2_15,crater_2,C,0.24623616536458334,0,0,0,0,0,0,False,0,0,0,0,0,0,0,0.0,,,,,,,,
crater_2_15,crater_2,D,0.05888536241319445,0,0,0,0,0,0,False,0,0,0,0,0,0,0,1.0,0.9208211143695014,0.0,0.22551804870034298,0.0,0.9361324829105054,0.0,0.8106969114153185,0.0
crater_2_15,crater_2,E,0.265625,0,0,0,0,0,0,False,0,0,0,0,0,0,0,0.0,,,,,,,,
crater_2_15,crater_2,std_9,0.9809349907769097,0,0,0,0,0,0,False,0,0,0,0,0,0,0,0.0,,,,,,,,
crater_2_15,crater_2,std_32,0.9669223361545138,0,0,0,0,0,0,False,0,0,0,0,0,0,0,0.0,,,,,,,,
crater_2_15,crater_2,laplacian,0.9383307562934028,0,0,0,0,0,0,False,0,0,0,0,0,0,0,0.0,,,,,,,,
crater_2_1,crater_2,A,0.9323696560329862,0,0,0,0,0,0,False,0,0,0,0,0,0,0,0.0,,,,,,,,
crater_2_1,crater_2,B,0.7462209065755209,0,0,0,0,0,0,False,0,0,0,0,0,0,0,0.0,,,,,,,,
crater_2_1,crater_2,C,0.15892198350694445,0,0,0,0,0,0,False,0,0,0,0,0,0,0,0.0,,,,,,,,
crater_2_1,crater_2,D,0.04734463161892361,0,0,0,0,0,0,False,0,0,0,0,0,0,0,1.0,0.9376274096062372,0.0,0.2973709379657021,0.0,0.9643046662185587,0.0,0.8928907967752068,0.0
crater_2_1,crater_2,E,0.1684027777777778,0,0,0,0,0,0,False,0,0,0,0,0,0,0,0.0,,,,,,,,
crater_2_1,crater_2,std_9,0.981475830078125,0,0,0,0,0,0,False,0,0,0,0,0,0,0,0.0,,,,,,,,
crater_2_1,crater_2,std_32,0.9697401258680556,0,0,0,0,0,0,False,0,0,0,0,0,0,0,0.0,,,,,,,,
crater_2_1,crater_2,laplacian,0.9260576036241319,0,0,0,0,0,0,False,0,0,0,0,0,0,0,0.0,,,,,,,,
crater_2_8,crater_2,A,0.9492289225260416,0,0,0,0,0,0,False,0,0,0,0,0,0,0,0.0,,,,,,,,
crater_2_8,crater_2,B,0.6408233642578125,0,0,0,0,0,0,False,0,0,0,0,0,0,0,0.0,,,,,,,,
crater_2_8,crater_2,C,0.2501068115234375,0,0,0,0,0,0,False,0,0,0,0,0,0,0,0.0,,,,,,,,
crater_2_8,crater_2,D,0.060799492730034724,0,0,0,0,0,0,False,0,0,0,0,0,0,0,1.0,0.931530126187359,0.0,0.2504541023501112,0.0,0.9303085701623178,0.0,0.8706357048748353,0.0
crater_2_8,crater_2,E,0.2604166666666667,0,0,0,0,0,0,False,0,0,0,0,0,0,0,0.0,,,,,,,,
crater_2_8,crater_2,std_9,0.9822116427951388,0,0,0,0,0,0,False,0,0,0,0,0,0,0,0.0,,,,,,,,
crater_2_8,crater_2,std_32,0.9674936930338541,0,0,0,0,0,0,False,0,0,0,0,0,0,0,0.0,,,,,,,,
crater_2_8,crater_2,laplacian,0.9393361409505209,0,0,0,0,0,0,False,0,0,0,0,0,0,0,0.0,,,,,,,,
crater_2_5,crater_2,A,0.9099646674262153,0,0,0,0,0,0,False,0,0,0,0,0,0,0,0.0,,,,,,,,
crater_2_5,crater_2,B,0.8565385606553819,0,0,0,0,0,0,False,0,0,0,0,0,0,0,0.0,,,,,,,,
crater_2_5,crater_2,C,0.05664401584201389,0,0,0,0,0,0,False,0,0,0,0,0,0,0,0.0,,,,,,,,
crater_2_5,crater_2,D,0.024844699435763888,0,0,0,0,0,0,False,0,0,0,0,0,0,0,1.0,0.9196020985214962,0.0,0.44362247218263956,0.0,0.9537865633765193,0.0,0.8625331564986738,0.0
crater_2_5,crater_2,E,0.0642361111111111,0,0,0,0,0,0,False,0,0,0,0,0,0,0,0.0,,,,,,,,
crater_2_5,crater_2,std_9,0.9387325710720487,0,0,0,0,0,0,False,0,0,0,0,0,0,0,0.0,,,,,,,,
crater_2_5,crater_2,std_32,0.9735378689236112,0,0,0,0,0,0,False,0,0,0,0,0,0,0,0.0,,,,,,,,
crater_2_5,crater_2,laplacian,0.9133555094401041,0,0,0,0,0,0,False,0,0,0,0,0,0,0,0.0,,,,,,,,
crater_2_11,crater_2,A,0.9433729383680556,0,0,0,0,0,0,False,0,0,0,0,0,0,0,0.0,,,,,,,,
crater_2_11,crater_2,B,0.6684536404079862,0,0,0,0,0,0,False,0,0,0,0,0,0,0,0.0,,,,,,,,
crater_2_11,crater_2,C,0.21124098036024305,0,0,0,0,0,0,False,0,0,0,0,0,0,0,0.0,,,,,,,,
crater_2_11,crater_2,D,0.04552035861545139,0,0,0,0,0,0,False,0,0,0,0,0,0,0,1.0,0.9450811132609019,0.0,0.2149477214915624,0.0,0.9653401322839301,0.0,0.7400034620045006,0.0
crater_2_11,crater_2,E,0.22743055555555555,0,0,0,0,0,0,False,0,0,0,0,0,0,0,0.0,,,,,,,,
crater_2_11,crater_2,std_9,0.9827050103081597,0,0,0,0,0,0,False,0,0,0,0,0,0,0,0.0,,,,,,,,
crater_2_11,crater_2,std_32,0.9693603515625,0,0,0,0,0,0,False,0,0,0,0,0,0,0,0.0,,,,,,,,
crater_2_11,crater_2,laplacian,0.9347093370225694,0,0,0,0,0,0,False,0,0,0,0,0,0,0,0.0,,,,,,,,
rocky_1_0,rocky_1,A,0.8528849283854166,0,0,0,0,0,0,False,0,0,0,0,0,0,0,0.0,,,,,,,,
rocky_1_0,rocky_1,B,0.8528849283854166,0,0,0,0,0,0,False,0,0,0,0,0,0,0,0.0,,,,,,,,
rocky_1_0,rocky_1,C,0.0,0,0,0,0,0,0,False,0,0,0,0,0,0,0,0.0,,,,,,,,
rocky_1_0,rocky_1,D,0.0,0,0,0,0,0,0,False,0,0,0,0,0,0,0,1.0,0.0,0.0,0.0,0.0,0.0,0.0,0.0,0.0
rocky_1_0,rocky_1,E,0.0,0,0,0,0,0,0,False,0,0,0,0,0,0,0,0.0,,,,,,,,
rocky_1_0,rocky_1,std_9,0.0,0,0,0,0,0,0,False,0,0,0,0,0,0,0,0.0,,,,,,,,
rocky_1_0,rocky_1,std_32,0.0,0,0,0,0,0,0,False,0,0,0,0,0,0,0,0.0,,,,,,,,
rocky_1_0,rocky_1,laplacian,0.8142530653211806,0,0,0,0,0,0,False,0,0,0,0,0,0,0,0.0,,,,,,,,
rocky_1_17,rocky_1,A,0.8524136013454862,0,0,0,0,0,0,False,0,0,0,0,0,0,0,0.0,,,,,,,,
rocky_1_17,rocky_1,B,0.8524136013454862,0,0,0,0,0,0,False,0,0,0,0,0,0,0,0.0,,,,,,,,
rocky_1_17,rocky_1,C,0.0,0,0,0,0,0,0,False,0,0,0,0,0,0,0,0.0,,,,,,,,
rocky_1_17,rocky_1,D,0.0,0,0,0,0,0,0,False,0,0,0,0,0,0,0,1.0,0.0,0.0,0.0,0.0,0.0,0.0,0.0,0.0
rocky_1_17,rocky_1,E,0.0,0,0,0,0,0,0,False,0,0,0,0,0,0,0,0.0,,,,,,,,
rocky_1_17,rocky_1,std_9,0.0,0,0,0,0,0,0,False,0,0,0,0,0,0,0,0.0,,,,,,,,
rocky_1_17,rocky_1,std_32,0.0,0,0,0,0,0,0,False,0,0,0,0,0,0,0,0.0,,,,,,,,
rocky_1_17,rocky_1,laplacian,0.8156077067057291,0,0,0,0,0,0,False,0,0,0,0,0,0,0,0.0,,,,,,,,
rocky_1_15,rocky_1,A,0.8531087239583334,0,0,0,0,0,0,False,0,0,0,0,0,0,0,0.0,,,,,,,,
rocky_1_15,rocky_1,B,0.8531087239583334,0,0,0,0,0,0,False,0,0,0,0,0,0,0,0.0,,,,,,,,
rocky_1_15,rocky_1,C,0.0,0,0,0,0,0,0,False,0,0,0,0,0,0,0,0.0,,,,,,,,
rocky_1_15,rocky_1,D,0.0,0,0,0,0,0,0,False,0,0,0,0,0,0,0,1.0,0.0,0.0,0.0,0.0,0.0,0.0,0.0,0.0
rocky_1_15,rocky_1,E,0.0,0,0,0,0,0,0,False,0,0,0,0,0,0,0,0.0,,,,,,,,
rocky_1_15,rocky_1,std_9,0.0,0,0,0,0,0,0,False,0,0,0,0,0,0,0,0.0,,,,,,,,
rocky_1_15,rocky_1,std_32,0.0,0,0,0,0,0,0,False,0,0,0,0,0,0,0,0.0,,,,,,,,
rocky_1_15,rocky_1,laplacian,0.814300537109375,0,0,0,0,0,0,False,0,0,0,0,0,0,0,0.0,,,,,,,,
rocky_1_1,rocky_1,A,0.8534495035807291,0,0,0,0,0,0,False,0,0,0,0,0,0,0,0.0,,,,,,,,
rocky_1_1,rocky_1,B,0.8534495035807291,0,0,0,0,0,0,False,0,0,0,0,0,0,0,0.0,,,,,,,,
rocky_1_1,rocky_1,C,0.0,0,0,0,0,0,0,False,0,0,0,0,0,0,0,0.0,,,,,,,,
rocky_1_1,rocky_1,D,0.0,0,0,0,0,0,0,False,0,0,0,0,0,0,0,1.0,0.0,0.0,0.0,0.0,0.0,0.0,0.0,0.0
rocky_1_1,rocky_1,E,0.0,0,0,0,0,0,0,False,0,0,0,0,0,0,0,0.0,,,,,,,,
rocky_1_1,rocky_1,std_9,0.0,0,0,0,0,0,0,False,0,0,0,0,0,0,0,0.0,,,,,,,,
rocky_1_1,rocky_1,std_32,0.0,0,0,0,0,0,0,False,0,0,0,0,0,0,0,0.0,,,,,,,,
rocky_1_1,rocky_1,laplacian,0.8143971761067709,0,0,0,0,0,0,False,0,0,0,0,0,0,0,0.0,,,,,,,,
rocky_1_8,rocky_1,A,0.8514438205295138,0,0,0,0,0,0,False,0,0,0,0,0,0,0,0.0,,,,,,,,
rocky_1_8,rocky_1,B,0.8514438205295138,0,0,0,0,0,0,False,0,0,0,0,0,0,0,0.0,,,,,,,,
rocky_1_8,rocky_1,C,0.0,0,0,0,0,0,0,False,0,0,0,0,0,0,0,0.0,,,,,,,,
rocky_1_8,rocky_1,D,0.0,0,0,0,0,0,0,False,0,0,0,0,0,0,0,1.0,0.0,0.0,0.0,0.0,0.0,0.0,0.0,0.0
rocky_1_8,rocky_1,E,0.0,0,0,0,0,0,0,False,0,0,0,0,0,0,0,0.0,,,,,,,,
rocky_1_8,rocky_1,std_9,0.0,0,0,0,0,0,0,False,0,0,0,0,0,0,0,0.0,,,,,,,,
rocky_1_8,rocky_1,std_32,0.0,0,0,0,0,0,0,False,0,0,0,0,0,0,0,0.0,,,,,,,,
rocky_1_8,rocky_1,laplacian,0.8149888780381944,0,0,0,0,0,0,False,0,0,0,0,0,0,0,0.0,,,,,,,,
rocky_1_5,rocky_1,A,0.8522728814019097,0,0,0,0,0,0,False,0,0,0,0,0,0,0,0.0,,,,,,,,
rocky_1_5,rocky_1,B,0.8522728814019097,0,0,0,0,0,0,False,0,0,0,0,0,0,0,0.0,,,,,,,,
rocky_1_5,rocky_1,C,0.0,0,0,0,0,0,0,False,0,0,0,0,0,0,0,0.0,,,,,,,,
rocky_1_5,rocky_1,D,0.0,0,0,0,0,0,0,False,0,0,0,0,0,0,0,1.0,0.0,0.0,0.0,0.0,0.0,0.0,0.0,0.0
rocky_1_5,rocky_1,E,0.0,0,0,0,0,0,0,False,0,0,0,0,0,0,0,0.0,,,,,,,,
rocky_1_5,rocky_1,std_9,0.0,0,0,0,0,0,0,False,0,0,0,0,0,0,0,0.0,,,,,,,,
rocky_1_5,rocky_1,std_32,0.0,0,0,0,0,0,0,False,0,0,0,0,0,0,0,0.0,,,,,,,,
rocky_1_5,rocky_1,laplacian,0.8141954210069444,0,0,0,0,0,0,False,0,0,0,0,0,0,0,0.0,,,,,,,,
rocky_1_11,rocky_1,A,0.8519202338324653,0,0,0,0,0,0,False,0,0,0,0,0,0,0,0.0,,,,,,,,
rocky_1_11,rocky_1,B,0.8519202338324653,0,0,0,0,0,0,False,0,0,0,0,0,0,0,0.0,,,,,,,,
rocky_1_11,rocky_1,C,0.0,0,0,0,0,0,0,False,0,0,0,0,0,0,0,0.0,,,,,,,,
rocky_1_11,rocky_1,D,0.0,0,0,0,0,0,0,False,0,0,0,0,0,0,0,1.0,0.0,0.0,0.0,0.0,0.0,0.0,0.0,0.0
rocky_1_11,rocky_1,E,0.0,0,0,0,0,0,0,False,0,0,0,0,0,0,0,0.0,,,,,,,,
rocky_1_11,rocky_1,std_9,0.0,0,0,0,0,0,0,False,0,0,0,0,0,0,0,0.0,,,,,,,,
rocky_1_11,rocky_1,std_32,0.0,0,0,0,0,0,0,False,0,0,0,0,0,0,0,0.0,,,,,,,,
rocky_1_11,rocky_1,laplacian,0.8134850396050347,0,0,0,0,0,0,False,0,0,0,0,0,0,0,0.0,,,,,,,,
rocky_2_0,rocky_2,A,0.850555419921875,0,0,0,0,0,0,False,0,0,0,0,0,0,0,0.0,,,,,,,,
rocky_2_0,rocky_2,B,0.850555419921875,0,0,0,0,0,0,False,0,0,0,0,0,0,0,0.0,,,,,,,,
rocky_2_0,rocky_2,C,0.0,0,0,0,0,0,0,False,0,0,0,0,0,0,0,0.0,,,,,,,,
rocky_2_0,rocky_2,D,0.0,0,0,0,0,0,0,False,0,0,0,0,0,0,0,1.0,0.0,0.0,0.0,0.0,0.0,0.0,0.0,0.0
rocky_2_0,rocky_2,E,0.0,0,0,0,0,0,0,False,0,0,0,0,0,0,0,0.0,,,,,,,,
rocky_2_0,rocky_2,std_9,0.0,0,0,0,0,0,0,False,0,0,0,0,0,0,0,0.0,,,,,,,,
rocky_2_0,rocky_2,std_32,0.0,0,0,0,0,0,0,False,0,0,0,0,0,0,0,0.0,,,,,,,,
rocky_2_0,rocky_2,laplacian,0.8138258192274306,0,0,0,0,0,0,False,0,0,0,0,0,0,0,0.0,,,,,,,,
rocky_2_17,rocky_2,A,0.8516557481553819,0,0,0,0,0,0,False,0,0,0,0,0,0,0,0.0,,,,,,,,
rocky_2_17,rocky_2,B,0.8516557481553819,0,0,0,0,0,0,False,0,0,0,0,0,0,0,0.0,,,,,,,,
rocky_2_17,rocky_2,C,0.0,0,0,0,0,0,0,False,0,0,0,0,0,0,0,0.0,,,,,,,,
rocky_2_17,rocky_2,D,0.0,0,0,0,0,0,0,False,0,0,0,0,0,0,0,1.0,0.0,0.0,0.0,0.0,0.0,0.0,0.0,0.0
rocky_2_17,rocky_2,E,0.0,0,0,0,0,0,0,False,0,0,0,0,0,0,0,0.0,,,,,,,,
rocky_2_17,rocky_2,std_9,0.0,0,0,0,0,0,0,False,0,0,0,0,0,0,0,0.0,,,,,,,,
rocky_2_17,rocky_2,std_32,0.0,0,0,0,0,0,0,False,0,0,0,0,0,0,0,0.0,,,,,,,,
rocky_2_17,rocky_2,laplacian,0.815216064453125,0,0,0,0,0,0,False,0,0,0,0,0,0,0,0.0,,,,,,,,
rocky_2_15,rocky_2,A,0.8536393907335069,0,0,0,0,0,0,False,0,0,0,0,0,0,0,0.0,,,,,,,,
rocky_2_15,rocky_2,B,0.8536393907335069,0,0,0,0,0,0,False,0,0,0,0,0,0,0,0.0,,,,,,,,
rocky_2_15,rocky_2,C,0.0,0,0,0,0,0,0,False,0,0,0,0,0,0,0,0.0,,,,,,,,
rocky_2_15,rocky_2,D,0.0,0,0,0,0,0,0,False,0,0,0,0,0,0,0,1.0,0.0,0.0,0.0,0.0,0.0,0.0,0.0,0.0
rocky_2_15,rocky_2,E,0.0,0,0,0,0,0,0,False,0,0,0,0,0,0,0,0.0,,,,,,,,
rocky_2_15,rocky_2,std_9,0.0,0,0,0,0,0,0,False,0,0,0,0,0,0,0,0.0,,,,,,,,
rocky_2_15,rocky_2,std_32,0.0,0,0,0,0,0,0,False,0,0,0,0,0,0,0,0.0,,,,,,,,
rocky_2_15,rocky_2,laplacian,0.8142327202690972,0,0,0,0,0,0,False,0,0,0,0,0,0,0,0.0,,,,,,,,
rocky_2_1,rocky_2,A,0.8534884982638888,0,0,0,0,0,0,False,0,0,0,0,0,0,0,0.0,,,,,,,,
rocky_2_1,rocky_2,B,0.8534884982638888,0,0,0,0,0,0,False,0,0,0,0,0,0,0,0.0,,,,,,,,
rocky_2_1,rocky_2,C,0.0,0,0,0,0,0,0,False,0,0,0,0,0,0,0,0.0,,,,,,,,
rocky_2_1,rocky_2,D,0.0,0,0,0,0,0,0,False,0,0,0,0,0,0,0,1.0,0.0,0.0,0.0,0.0,0.0,0.0,0.0,0.0
rocky_2_1,rocky_2,E,0.0,0,0,0,0,0,0,False,0,0,0,0,0,0,0,0.0,,,,,,,,
rocky_2_1,rocky_2,std_9,0.0,0,0,0,0,0,0,False,0,0,0,0,0,0,0,0.0,,,,,,,,
rocky_2_1,rocky_2,std_32,0.0,0,0,0,0,0,0,False,0,0,0,0,0,0,0,0.0,,,,,,,,
rocky_2_1,rocky_2,laplacian,0.8137173122829862,0,0,0,0,0,0,False,0,0,0,0,0,0,0,0.0,,,,,,,,
rocky_2_8,rocky_2,A,0.8532358805338541,0,0,0,0,0,0,False,0,0,0,0,0,0,0,0.0,,,,,,,,
rocky_2_8,rocky_2,B,0.8532358805338541,0,0,0,0,0,0,False,0,0,0,0,0,0,0,0.0,,,,,,,,
rocky_2_8,rocky_2,C,0.0,0,0,0,0,0,0,False,0,0,0,0,0,0,0,0.0,,,,,,,,
rocky_2_8,rocky_2,D,0.0,0,0,0,0,0,0,False,0,0,0,0,0,0,0,1.0,0.0,0.0,0.0,0.0,0.0,0.0,0.0,0.0
rocky_2_8,rocky_2,E,0.0,0,0,0,0,0,0,False,0,0,0,0,0,0,0,0.0,,,,,,,,
rocky_2_8,rocky_2,std_9,0.0,0,0,0,0,0,0,False,0,0,0,0,0,0,0,0.0,,,,,,,,
rocky_2_8,rocky_2,std_32,0.0,0,0,0,0,0,0,False,0,0,0,0,0,0,0,0.0,,,,,,,,
rocky_2_8,rocky_2,laplacian,0.8135816786024306,0,0,0,0,0,0,False,0,0,0,0,0,0,0,0.0,,,,,,,,
rocky_2_5,rocky_2,A,0.8534325493706597,0,0,0,0,0,0,False,0,0,0,0,0,0,0,0.0,,,,,,,,
rocky_2_5,rocky_2,B,0.8534325493706597,0,0,0,0,0,0,False,0,0,0,0,0,0,0,0.0,,,,,,,,
rocky_2_5,rocky_2,C,0.0,0,0,0,0,0,0,False,0,0,0,0,0,0,0,0.0,,,,,,,,
rocky_2_5,rocky_2,D,0.0,0,0,0,0,0,0,False,0,0,0,0,0,0,0,1.0,0.0,0.0,0.0,0.0,0.0,0.0,0.0,0.0
rocky_2_5,rocky_2,E,0.0,0,0,0,0,0,0,False,0,0,0,0,0,0,0,0.0,,,,,,,,
rocky_2_5,rocky_2,std_9,0.0,0,0,0,0,0,0,False,0,0,0,0,0,0,0,0.0,,,,,,,,
rocky_2_5,rocky_2,std_32,0.0,0,0,0,0,0,0,False,0,0,0,0,0,0,0,0.0,,,,,,,,
rocky_2_5,rocky_2,laplacian,0.8137647840711806,0,0,0,0,0,0,False,0,0,0,0,0,0,0,0.0,,,,,,,,
rocky_2_11,rocky_2,A,0.8539496527777778,0,0,0,0,0,0,False,0,0,0,0,0,0,0,0.0,,,,,,,,
rocky_2_11,rocky_2,B,0.8539496527777778,0,0,0,0,0,0,False,0,0,0,0,0,0,0,0.0,,,,,,,,
rocky_2_11,rocky_2,C,0.0,0,0,0,0,0,0,False,0,0,0,0,0,0,0,0.0,,,,,,,,
rocky_2_11,rocky_2,D,0.0,0,0,0,0,0,0,False,0,0,0,0,0,0,0,1.0,0.0,0.0,0.0,0.0,0.0,0.0,0.0,0.0
rocky_2_11,rocky_2,E,0.0,0,0,0,0,0,0,False,0,0,0,0,0,0,0,0.0,,,,,,,,
rocky_2_11,rocky_2,std_9,0.0,0,0,0,0,0,0,False,0,0,0,0,0,0,0,0.0,,,,,,,,
rocky_2_11,rocky_2,std_32,0.0,0,0,0,0,0,0,False,0,0,0,0,0,0,0,0.0,,,,,,,,
rocky_2_11,rocky_2,laplacian,0.8139275444878472,0,0,0,0,0,0,False,0,0,0,0,0,0,0,0.0,,,,,,,,
smooth_1_0,smooth_1,A,0.892974853515625,0,0,0,0,0,0,False,0,0,0,0,0,0,0,0.0,,,,,,,,
smooth_1_0,smooth_1,B,0.892974853515625,0,0,0,0,0,0,False,0,0,0,0,0,0,0,0.0,,,,,,,,
smooth_1_0,smooth_1,C,0.0,0,0,0,0,0,0,False,0,0,0,0,0,0,0,0.0,,,,,,,,
smooth_1_0,smooth_1,D,0.0,0,0,0,0,0,0,False,0,0,0,0,0,0,0,1.0,0.0,0.0,0.0,0.0,0.0,0.0,0.0,0.0
smooth_1_0,smooth_1,E,0.0,0,0,0,0,0,0,False,0,0,0,0,0,0,0,0.0,,,,,,,,
smooth_1_0,smooth_1,std_9,0.0,0,0,0,0,0,0,False,0,0,0,0,0,0,0,0.0,,,,,,,,
smooth_1_0,smooth_1,std_32,0.0,0,0,0,0,0,0,False,0,0,0,0,0,0,0,0.0,,,,,,,,
smooth_1_0,smooth_1,laplacian,0.9087049696180556,0,0,0,0,0,0,False,0,0,0,0,0,0,0,0.0,,,,,,,,
smooth_1_17,smooth_1,A,0.8940819634331597,0,0,0,0,0,0,False,0,0,0,0,0,0,0,0.0,,,,,,,,
smooth_1_17,smooth_1,B,0.8940819634331597,0,0,0,0,0,0,False,0,0,0,0,0,0,0,0.0,,,,,,,,
smooth_1_17,smooth_1,C,0.0,0,0,0,0,0,0,False,0,0,0,0,0,0,0,0.0,,,,,,,,
smooth_1_17,smooth_1,D,0.0,0,0,0,0,0,0,False,0,0,0,0,0,0,0,1.0,0.0,0.0,0.0,0.0,0.0,0.0,0.0,0.0
smooth_1_17,smooth_1,E,0.0,0,0,0,0,0,0,False,0,0,0,0,0,0,0,0.0,,,,,,,,
smooth_1_17,smooth_1,std_9,0.0,0,0,0,0,0,0,False,0,0,0,0,0,0,0,0.0,,,,,,,,
smooth_1_17,smooth_1,std_32,0.0,0,0,0,0,0,0,False,0,0,0,0,0,0,0,0.0,,,,,,,,
smooth_1_17,smooth_1,laplacian,0.9100918240017362,0,0,0,0,0,0,False,0,0,0,0,0,0,0,0.0,,,,,,,,
smooth_1_15,smooth_1,A,0.8944481743706597,0,0,0,0,0,0,False,0,0,0,0,0,0,0,0.0,,,,,,,,
smooth_1_15,smooth_1,B,0.8944481743706597,0,0,0,0,0,0,False,0,0,0,0,0,0,0,0.0,,,,,,,,
smooth_1_15,smooth_1,C,0.0,0,0,0,0,0,0,False,0,0,0,0,0,0,0,0.0,,,,,,,,
smooth_1_15,smooth_1,D,0.0,0,0,0,0,0,0,False,0,0,0,0,0,0,0,1.0,0.0,0.0,0.0,0.0,0.0,0.0,0.0,0.0
smooth_1_15,smooth_1,E,0.0,0,0,0,0,0,0,False,0,0,0,0,0,0,0,0.0,,,,,,,,
smooth_1_15,smooth_1,std_9,0.0,0,0,0,0,0,0,False,0,0,0,0,0,0,0,0.0,,,,,,,,
smooth_1_15,smooth_1,std_32,0.0,0,0,0,0,0,0,False,0,0,0,0,0,0,0,0.0,,,,,,,,
smooth_1_15,smooth_1,laplacian,0.9033067491319444,0,0,0,0,0,0,False,0,0,0,0,0,0,0,0.0,,,,,,,,
smooth_1_1,smooth_1,A,0.8938819037543403,0,0,0,0,0,0,False,0,0,0,0,0,0,0,0.0,,,,,,,,
smooth_1_1,smooth_1,B,0.8938819037543403,0,0,0,0,0,0,False,0,0,0,0,0,0,0,0.0,,,,,,,,
smooth_1_1,smooth_1,C,0.0,0,0,0,0,0,0,False,0,0,0,0,0,0,0,0.0,,,,,,,,
smooth_1_1,smooth_1,D,0.0,0,0,0,0,0,0,False,0,0,0,0,0,0,0,1.0,0.0,0.0,0.0,0.0,0.0,0.0,0.0,0.0
smooth_1_1,smooth_1,E,0.0,0,0,0,0,0,0,False,0,0,0,0,0,0,0,0.0,,,,,,,,
smooth_1_1,smooth_1,std_9,0.0,0,0,0,0,0,0,False,0,0,0,0,0,0,0,0.0,,,,,,,,
smooth_1_1,smooth_1,std_32,0.0,0,0,0,0,0,0,False,0,0,0,0,0,0,0,0.0,,,,,,,,
smooth_1_1,smooth_1,laplacian,0.9034322102864584,0,0,0,0,0,0,False,0,0,0,0,0,0,0,0.0,,,,,,,,
smooth_1_8,smooth_1,A,0.8929985894097222,0,0,0,0,0,0,False,0,0,0,0,0,0,0,0.0,,,,,,,,
smooth_1_8,smooth_1,B,0.8929985894097222,0,0,0,0,0,0,False,0,0,0,0,0,0,0,0.0,,,,,,,,
smooth_1_8,smooth_1,C,0.0,0,0,0,0,0,0,False,0,0,0,0,0,0,0,0.0,,,,,,,,
smooth_1_8,smooth_1,D,0.0,0,0,0,0,0,0,False,0,0,0,0,0,0,0,1.0,0.0,0.0,0.0,0.0,0.0,0.0,0.0,0.0
smooth_1_8,smooth_1,E,0.0,0,0,0,0,0,0,False,0,0,0,0,0,0,0,0.0,,,,,,,,
smooth_1_8,smooth_1,std_9,0.0,0,0,0,0,0,0,False,0,0,0,0,0,0,0,0.0,,,,,,,,
smooth_1_8,smooth_1,std_32,0.0,0,0,0,0,0,0,False,0,0,0,0,0,0,0,0.0,,,,,,,,
smooth_1_8,smooth_1,laplacian,0.9036966959635416,0,0,0,0,0,0,False,0,0,0,0,0,0,0,0.0,,,,,,,,
smooth_1_5,smooth_1,A,0.8934122721354166,0,0,0,0,0,0,False,0,0,0,0,0,0,0,0.0,,,,,,,,
smooth_1_5,smooth_1,B,0.8934122721354166,0,0,0,0,0,0,False,0,0,0,0,0,0,0,0.0,,,,,,,,
smooth_1_5,smooth_1,C,0.0,0,0,0,0,0,0,False,0,0,0,0,0,0,0,0.0,,,,,,,,
smooth_1_5,smooth_1,D,0.0,0,0,0,0,0,0,False,0,0,0,0,0,0,0,1.0,0.0,0.0,0.0,0.0,0.0,0.0,0.0,0.0
smooth_1_5,smooth_1,E,0.0,0,0,0,0,0,0,False,0,0,0,0,0,0,0,0.0,,,,,,,,
smooth_1_5,smooth_1,std_9,0.0,0,0,0,0,0,0,False,0,0,0,0,0,0,0,0.0,,,,,,,,
smooth_1_5,smooth_1,std_32,0.0,0,0,0,0,0,0,False,0,0,0,0,0,0,0,0.0,,,,,,,,
smooth_1_5,smooth_1,laplacian,0.9033338758680556,0,0,0,0,0,0,False,0,0,0,0,0,0,0,0.0,,,,,,,,
smooth_1_11,smooth_1,A,0.8935580783420138,0,0,0,0,0,0,False,0,0,0,0,0,0,0,0.0,,,,,,,,
smooth_1_11,smooth_1,B,0.8935580783420138,0,0,0,0,0,0,False,0,0,0,0,0,0,0,0.0,,,,,,,,
smooth_1_11,smooth_1,C,0.0,0,0,0,0,0,0,False,0,0,0,0,0,0,0,0.0,,,,,,,,
smooth_1_11,smooth_1,D,0.0,0,0,0,0,0,0,False,0,0,0,0,0,0,0,1.0,0.0,0.0,0.0,0.0,0.0,0.0,0.0,0.0
smooth_1_11,smooth_1,E,0.0,0,0,0,0,0,0,False,0,0,0,0,0,0,0,0.0,,,,,,,,
smooth_1_11,smooth_1,std_9,0.0,0,0,0,0,0,0,False,0,0,0,0,0,0,0,0.0,,,,,,,,
smooth_1_11,smooth_1,std_32,0.0,0,0,0,0,0,0,False,0,0,0,0,0,0,0,0.0,,,,,,,,
smooth_1_11,smooth_1,laplacian,0.9044409857855903,0,0,0,0,0,0,False,0,0,0,0,0,0,0,0.0,,,,,,,,
smooth_2_0,smooth_2,A,0.8956824408637153,0,0,0,0,0,0,False,0,0,0,0,0,0,0,0.0,,,,,,,,
smooth_2_0,smooth_2,B,0.8956824408637153,0,0,0,0,0,0,False,0,0,0,0,0,0,0,0.0,,,,,,,,
smooth_2_0,smooth_2,C,0.0,0,0,0,0,0,0,False,0,0,0,0,0,0,0,0.0,,,,,,,,
smooth_2_0,smooth_2,D,0.0,0,0,0,0,0,0,False,0,0,0,0,0,0,0,1.0,0.0,0.0,0.0,0.0,0.0,0.0,0.0,0.0
smooth_2_0,smooth_2,E,0.0,0,0,0,0,0,0,False,0,0,0,0,0,0,0,0.0,,,,,,,,
smooth_2_0,smooth_2,std_9,0.0,0,0,0,0,0,0,False,0,0,0,0,0,0,0,0.0,,,,,,,,
smooth_2_0,smooth_2,std_32,0.0,0,0,0,0,0,0,False,0,0,0,0,0,0,0,0.0,,,,,,,,
smooth_2_0,smooth_2,laplacian,0.9041917588975694,0,0,0,0,0,0,False,0,0,0,0,0,0,0,0.0,,,,,,,,
smooth_2_17,smooth_2,A,0.8955298529730903,0,0,0,0,0,0,False,0,0,0,0,0,0,0,0.0,,,,,,,,
smooth_2_17,smooth_2,B,0.8955298529730903,0,0,0,0,0,0,False,0,0,0,0,0,0,0,0.0,,,,,,,,
smooth_2_17,smooth_2,C,0.0,0,0,0,0,0,0,False,0,0,0,0,0,0,0,0.0,,,,,,,,
smooth_2_17,smooth_2,D,0.0,0,0,0,0,0,0,False,0,0,0,0,0,0,0,1.0,0.0,0.0,0.0,0.0,0.0,0.0,0.0,0.0
smooth_2_17,smooth_2,E,0.0,0,0,0,0,0,0,False,0,0,0,0,0,0,0,0.0,,,,,,,,
smooth_2_17,smooth_2,std_9,0.0,0,0,0,0,0,0,False,0,0,0,0,0,0,0,0.0,,,,,,,,
smooth_2_17,smooth_2,std_32,0.0,0,0,0,0,0,0,False,0,0,0,0,0,0,0,0.0,,,,,,,,
smooth_2_17,smooth_2,laplacian,0.9034898546006944,0,0,0,0,0,0,False,0,0,0,0,0,0,0,0.0,,,,,,,,
smooth_2_15,smooth_2,A,0.8953891330295138,0,0,0,0,0,0,False,0,0,0,0,0,0,0,0.0,,,,,,,,
smooth_2_15,smooth_2,B,0.8953891330295138,0,0,0,0,0,0,False,0,0,0,0,0,0,0,0.0,,,,,,,,
smooth_2_15,smooth_2,C,0.0,0,0,0,0,0,0,False,0,0,0,0,0,0,0,0.0,,,,,,,,
smooth_2_15,smooth_2,D,0.0,0,0,0,0,0,0,False,0,0,0,0,0,0,0,1.0,0.0,0.0,0.0,0.0,0.0,0.0,0.0,0.0
smooth_2_15,smooth_2,E,0.0,0,0,0,0,0,0,False,0,0,0,0,0,0,0,0.0,,,,,,,,
smooth_2_15,smooth_2,std_9,0.0,0,0,0,0,0,0,False,0,0,0,0,0,0,0,0.0,,,,,,,,
smooth_2_15,smooth_2,std_32,0.0,0,0,0,0,0,0,False,0,0,0,0,0,0,0,0.0,,,,,,,,
smooth_2_15,smooth_2,laplacian,0.9034474690755209,0,0,0,0,0,0,False,0,0,0,0,0,0,0,0.0,,,,,,,,
smooth_2_1,smooth_2,A,0.89447021484375,0,0,0,0,0,0,False,0,0,0,0,0,0,0,0.0,,,,,,,,
smooth_2_1,smooth_2,B,0.89447021484375,0,0,0,0,0,0,False,0,0,0,0,0,0,0,0.0,,,,,,,,
smooth_2_1,smooth_2,C,0.0,0,0,0,0,0,0,False,0,0,0,0,0,0,0,0.0,,,,,,,,
smooth_2_1,smooth_2,D,0.0,0,0,0,0,0,0,False,0,0,0,0,0,0,0,1.0,0.0,0.0,0.0,0.0,0.0,0.0,0.0,0.0
smooth_2_1,smooth_2,E,0.0,0,0,0,0,0,0,False,0,0,0,0,0,0,0,0.0,,,,,,,,
smooth_2_1,smooth_2,std_9,0.0,0,0,0,0,0,0,False,0,0,0,0,0,0,0,0.0,,,,,,,,
smooth_2_1,smooth_2,std_32,0.0,0,0,0,0,0,0,False,0,0,0,0,0,0,0,0.0,,,,,,,,
smooth_2_1,smooth_2,laplacian,0.9085659450954862,0,0,0,0,0,0,False,0,0,0,0,0,0,0,0.0,,,,,,,,
smooth_2_8,smooth_2,A,0.8931952582465278,0,0,0,0,0,0,False,0,0,0,0,0,0,0,0.0,,,,,,,,
smooth_2_8,smooth_2,B,0.8931952582465278,0,0,0,0,0,0,False,0,0,0,0,0,0,0,0.0,,,,,,,,
smooth_2_8,smooth_2,C,0.0,0,0,0,0,0,0,False,0,0,0,0,0,0,0,0.0,,,,,,,,
smooth_2_8,smooth_2,D,0.0,0,0,0,0,0,0,False,0,0,0,0,0,0,0,1.0,0.0,0.0,0.0,0.0,0.0,0.0,0.0,0.0
smooth_2_8,smooth_2,E,0.0,0,0,0,0,0,0,False,0,0,0,0,0,0,0,0.0,,,,,,,,
smooth_2_8,smooth_2,std_9,0.0,0,0,0,0,0,0,False,0,0,0,0,0,0,0,0.0,,,,,,,,
smooth_2_8,smooth_2,std_32,0.0,0,0,0,0,0,0,False,0,0,0,0,0,0,0,0.0,,,,,,,,
smooth_2_8,smooth_2,laplacian,0.9039137098524306,0,0,0,0,0,0,False,0,0,0,0,0,0,0,0.0,,,,,,,,
smooth_2_5,smooth_2,A,0.8945498996310763,0,0,0,0,0,0,False,0,0,0,0,0,0,0,0.0,,,,,,,,
smooth_2_5,smooth_2,B,0.8945498996310763,0,0,0,0,0,0,False,0,0,0,0,0,0,0,0.0,,,,,,,,
smooth_2_5,smooth_2,C,0.0,0,0,0,0,0,0,False,0,0,0,0,0,0,0,0.0,,,,,,,,
smooth_2_5,smooth_2,D,0.0,0,0,0,0,0,0,False,0,0,0,0,0,0,0,1.0,0.0,0.0,0.0,0.0,0.0,0.0,0.0,0.0
smooth_2_5,smooth_2,E,0.0,0,0,0,0,0,0,False,0,0,0,0,0,0,0,0.0,,,,,,,,
smooth_2_5,smooth_2,std_9,0.0,0,0,0,0,0,0,False,0,0,0,0,0,0,0,0.0,,,,,,,,
smooth_2_5,smooth_2,std_32,0.0,0,0,0,0,0,0,False,0,0,0,0,0,0,0,0.0,,,,,,,,
smooth_2_5,smooth_2,laplacian,0.9034847683376737,0,0,0,0,0,0,False,0,0,0,0,0,0,0,0.0,,,,,,,,
smooth_2_11,smooth_2,A,0.8950059678819444,0,0,0,0,0,0,False,0,0,0,0,0,0,0,0.0,,,,,,,,
smooth_2_11,smooth_2,B,0.8950059678819444,0,0,0,0,0,0,False,0,0,0,0,0,0,0,0.0,,,,,,,,
smooth_2_11,smooth_2,C,0.0,0,0,0,0,0,0,False,0,0,0,0,0,0,0,0.0,,,,,,,,
smooth_2_11,smooth_2,D,0.0,0,0,0,0,0,0,False,0,0,0,0,0,0,0,1.0,0.0,0.0,0.0,0.0,0.0,0.0,0.0,0.0
smooth_2_11,smooth_2,E,0.0,0,0,0,0,0,0,False,0,0,0,0,0,0,0,0.0,,,,,,,,
smooth_2_11,smooth_2,std_9,0.0,0,0,0,0,0,0,False,0,0,0,0,0,0,0,0.0,,,,,,,,
smooth_2_11,smooth_2,std_32,0.0,0,0,0,0,0,0,False,0,0,0,0,0,0,0,0.0,,,,,,,,
smooth_2_11,smooth_2,laplacian,0.9082522922092013,0,0,0,0,0,0,False,0,0,0,0,0,0,0,0.0,,,,,,,,
dunes_1_0,dunes_1,A,0.8945821126302084,0,0,0,0,0,0,False,0,0,0,0,0,0,0,0.0,,,,,,,,
dunes_1_0,dunes_1,B,0.8945821126302084,0,0,0,0,0,0,False,0,0,0,0,0,0,0,0.0,,,,,,,,
dunes_1_0,dunes_1,C,0.0,0,0,0,0,0,0,False,0,0,0,0,0,0,0,0.0,,,,,,,,
dunes_1_0,dunes_1,D,0.0,0,0,0,0,0,0,False,0,0,0,0,0,0,0,1.0,0.0,0.0,0.0,0.0,0.0,0.0,0.0,0.0
dunes_1_0,dunes_1,E,0.0,0,0,0,0,0,0,False,0,0,0,0,0,0,0,0.0,,,,,,,,
dunes_1_0,dunes_1,std_9,0.0,0,0,0,0,0,0,False,0,0,0,0,0,0,0,0.0,,,,,,,,
dunes_1_0,dunes_1,std_32,0.0,0,0,0,0,0,0,False,0,0,0,0,0,0,0,0.0,,,,,,,,
dunes_1_0,dunes_1,laplacian,0.9061499701605903,0,0,0,0,0,0,False,0,0,0,0,0,0,0,0.0,,,,,,,,
dunes_1_17,dunes_1,A,0.8942430284288194,0,0,0,0,0,0,False,0,0,0,0,0,0,0,0.0,,,,,,,,
dunes_1_17,dunes_1,B,0.8942430284288194,0,0,0,0,0,0,False,0,0,0,0,0,0,0,0.0,,,,,,,,
dunes_1_17,dunes_1,C,0.0,0,0,0,0,0,0,False,0,0,0,0,0,0,0,0.0,,,,,,,,
dunes_1_17,dunes_1,D,0.0,0,0,0,0,0,0,False,0,0,0,0,0,0,0,1.0,0.0,0.0,0.0,0.0,0.0,0.0,0.0,0.0
dunes_1_17,dunes_1,E,0.0,0,0,0,0,0,0,False,0,0,0,0,0,0,0,0.0,,,,,,,,
dunes_1_17,dunes_1,std_9,0.0,0,0,0,0,0,0,False,0,0,0,0,0,0,0,0.0,,,,,,,,
dunes_1_17,dunes_1,std_32,0.0,0,0,0,0,0,0,False,0,0,0,0,0,0,0,0.0,,,,,,,,
dunes_1_17,dunes_1,laplacian,0.9069569905598959,0,0,0,0,0,0,False,0,0,0,0,0,0,0,0.0,,,,,,,,
dunes_1_15,dunes_1,A,0.8930901421440972,0,0,0,0,0,0,False,0,0,0,0,0,0,0,0.0,,,,,,,,
dunes_1_15,dunes_1,B,0.8930901421440972,0,0,0,0,0,0,False,0,0,0,0,0,0,0,0.0,,,,,,,,
dunes_1_15,dunes_1,C,0.0,0,0,0,0,0,0,False,0,0,0,0,0,0,0,0.0,,,,,,,,
dunes_1_15,dunes_1,D,0.0,0,0,0,0,0,0,False,0,0,0,0,0,0,0,1.0,0.0,0.0,0.0,0.0,0.0,0.0,0.0,0.0
dunes_1_15,dunes_1,E,0.0,0,0,0,0,0,0,False,0,0,0,0,0,0,0,0.0,,,,,,,,
dunes_1_15,dunes_1,std_9,0.0,0,0,0,0,0,0,False,0,0,0,0,0,0,0,0.0,,,,,,,,
dunes_1_15,dunes_1,std_32,0.0,0,0,0,0,0,0,False,0,0,0,0,0,0,0,0.0,,,,,,,,
dunes_1_15,dunes_1,laplacian,0.9060567220052084,0,0,0,0,0,0,False,0,0,0,0,0,0,0,0.0,,,,,,,,
dunes_1_1,dunes_1,A,0.8954179551866319,0,0,0,0,0,0,False,0,0,0,0,0,0,0,0.0,,,,,,,,
dunes_1_1,dunes_1,B,0.8954179551866319,0,0,0,0,0,0,False,0,0,0,0,0,0,0,0.0,,,,,,,,
dunes_1_1,dunes_1,C,0.0,0,0,0,0,0,0,False,0,0,0,0,0,0,0,0.0,,,,,,,,
dunes_1_1,dunes_1,D,0.0,0,0,0,0,0,0,False,0,0,0,0,0,0,0,1.0,0.0,0.0,0.0,0.0,0.0,0.0,0.0,0.0
dunes_1_1,dunes_1,E,0.0,0,0,0,0,0,0,False,0,0,0,0,0,0,0,0.0,,,,,,,,
dunes_1_1,dunes_1,std_9,0.0,0,0,0,0,0,0,False,0,0,0,0,0,0,0,0.0,,,,,,,,
dunes_1_1,dunes_1,std_32,0.0,0,0,0,0,0,0,False,0,0,0,0,0,0,0,0.0,,,,,,,,
dunes_1_1,dunes_1,laplacian,0.9061279296875,0,0,0,0,0,0,False,0,0,0,0,0,0,0,0.0,,,,,,,,
dunes_1_8,dunes_1,A,0.8938361273871528,0,0,0,0,0,0,False,0,0,0,0,0,0,0,0.0,,,,,,,,
dunes_1_8,dunes_1,B,0.8938361273871528,0,0,0,0,0,0,False,0,0,0,0,0,0,0,0.0,,,,,,,,
dunes_1_8,dunes_1,C,0.0,0,0,0,0,0,0,False,0,0,0,0,0,0,0,0.0,,,,,,,,
dunes_1_8,dunes_1,D,0.0,0,0,0,0,0,0,False,0,0,0,0,0,0,0,1.0,0.0,0.0,0.0,0.0,0.0,0.0,0.0,0.0
dunes_1_8,dunes_1,E,0.0,0,0,0,0,0,0,False,0,0,0,0,0,0,0,0.0,,,,,,,,
dunes_1_8,dunes_1,std_9,0.0,0,0,0,0,0,0,False,0,0,0,0,0,0,0,0.0,,,,,,,,
dunes_1_8,dunes_1,std_32,0.0,0,0,0,0,0,0,False,0,0,0,0,0,0,0,0.0,,,,,,,,
dunes_1_8,dunes_1,laplacian,0.9064263237847222,0,0,0,0,0,0,False,0,0,0,0,0,0,0,0.0,,,,,,,,
dunes_1_5,dunes_1,A,0.8951738145616319,0,0,0,0,0,0,False,0,0,0,0,0,0,0,0.0,,,,,,,,
dunes_1_5,dunes_1,B,0.8951738145616319,0,0,0,0,0,0,False,0,0,0,0,0,0,0,0.0,,,,,,,,
dunes_1_5,dunes_1,C,0.0,0,0,0,0,0,0,False,0,0,0,0,0,0,0,0.0,,,,,,,,
dunes_1_5,dunes_1,D,0.0,0,0,0,0,0,0,False,0,0,0,0,0,0,0,1.0,0.0,0.0,0.0,0.0,0.0,0.0,0.0,0.0
dunes_1_5,dunes_1,E,0.0,0,0,0,0,0,0,False,0,0,0,0,0,0,0,0.0,,,,,,,,
dunes_1_5,dunes_1,std_9,0.0,0,0,0,0,0,0,False,0,0,0,0,0,0,0,0.0,,,,,,,,
dunes_1_5,dunes_1,std_32,0.0,0,0,0,0,0,0,False,0,0,0,0,0,0,0,0.0,,,,,,,,
dunes_1_5,dunes_1,laplacian,0.9069281684027778,0,0,0,0,0,0,False,0,0,0,0,0,0,0,0.0,,,,,,,,
dunes_1_11,dunes_1,A,0.8946787516276041,0,0,0,0,0,0,False,0,0,0,0,0,0,0,0.0,,,,,,,,
dunes_1_11,dunes_1,B,0.8946787516276041,0,0,0,0,0,0,False,0,0,0,0,0,0,0,0.0,,,,,,,,
dunes_1_11,dunes_1,C,0.0,0,0,0,0,0,0,False,0,0,0,0,0,0,0,0.0,,,,,,,,
dunes_1_11,dunes_1,D,0.0,0,0,0,0,0,0,False,0,0,0,0,0,0,0,1.0,0.0,0.0,0.0,0.0,0.0,0.0,0.0,0.0
dunes_1_11,dunes_1,E,0.0,0,0,0,0,0,0,False,0,0,0,0,0,0,0,0.0,,,,,,,,
dunes_1_11,dunes_1,std_9,0.0,0,0,0,0,0,0,False,0,0,0,0,0,0,0,0.0,,,,,,,,
dunes_1_11,dunes_1,std_32,0.0,0,0,0,0,0,0,False,0,0,0,0,0,0,0,0.0,,,,,,,,
dunes_1_11,dunes_1,laplacian,0.9063551161024306,0,0,0,0,0,0,False,0,0,0,0,0,0,0,0.0,,,,,,,,
dunes_2_0,dunes_2,A,0.8943684895833334,0,0,0,0,0,0,False,0,0,0,0,0,0,0,0.0,,,,,,,,
dunes_2_0,dunes_2,B,0.8943684895833334,0,0,0,0,0,0,False,0,0,0,0,0,0,0,0.0,,,,,,,,
dunes_2_0,dunes_2,C,0.0,0,0,0,0,0,0,False,0,0,0,0,0,0,0,0.0,,,,,,,,
dunes_2_0,dunes_2,D,0.0,0,0,0,0,0,0,False,0,0,0,0,0,0,0,1.0,0.0,0.0,0.0,0.0,0.0,0.0,0.0,0.0
dunes_2_0,dunes_2,E,0.0,0,0,0,0,0,0,False,0,0,0,0,0,0,0,0.0,,,,,,,,
dunes_2_0,dunes_2,std_9,0.0,0,0,0,0,0,0,False,0,0,0,0,0,0,0,0.0,,,,,,,,
dunes_2_0,dunes_2,std_32,0.0,0,0,0,0,0,0,False,0,0,0,0,0,0,0,0.0,,,,,,,,
dunes_2_0,dunes_2,laplacian,0.9070112440321181,0,0,0,0,0,0,False,0,0,0,0,0,0,0,0.0,,,,,,,,
