tile_id,category,gradient_ms,shadow_ms,fft_ms,fusion_ms,rect_ms,total_ms
crater_1_0,crater_1,8.804719999898225,1.4008200014359318,42.37874999816995,3.0479900029604323,134.30381000071066,189.9360900031752
crater_1_17,crater_1,8.29257000295911,1.4782099984586239,41.81786999834003,3.4504700000979938,135.62543999869376,190.66455999854952
crater_1_15,crater_1,8.026040002005175,1.5864500019233674,41.42521000030683,3.388699996867217,142.37362000130815,196.80002000241075
crater_1_1,crater_1,7.796780002536252,1.646939999773167,42.29098999931011,3.504479998082388,134.36216999980388,189.6013599995058
crater_1_8,crater_1,8.990589997847565,1.4406099988264032,42.06920000142418,3.2393700021202676,138.23693999729585,193.97670999751426
crater_1_5,crater_1,8.907809999072924,1.5819200008991174,43.32227999839233,3.892009999253787,134.7198400006164,192.42385999823455
crater_1_11,crater_1,12.211339999339543,1.5477000022656284,42.881519997899886,3.5030700004426762,136.54607999924337,196.6897099991911
crater_2_0,crater_2,11.008300002140459,1.4369099968462251,42.725540000537876,3.0510200012940913,135.7945199983078,194.01628999912646
crater_2_17,crater_2,9.613269998226315,1.4514899972709827,42.297790000156965,3.1562700009089895,135.59294000297086,192.11175999953412
crater_2_15,crater_2,7.766700003412552,1.6331199949490838,41.76743000280112,3.251449998060707,136.41176000237465,190.8304600015981
crater_2_1,crater_2,12.0938899970497,1.500800003123004,42.4976099995547,3.5216899996157736,136.28349999926286,195.89748999860603
crater_2_8,crater_2,11.525200001779012,1.6456399971502833,41.75068000040483,3.747860001749359,136.15465999901062,194.8240400000941
crater_2_5,crater_2,9.505749997333623,1.3481300004059449,42.06549000227824,3.319179998652544,137.6087099997676,193.84725999843795
crater_2_11,crater_2,8.83948000264354,1.4458000005106442,42.69004999950994,3.2989799976348877,140.3830300027039,196.6573400030029
rocky_1_0,rocky_1,12.92096999968635,53.67611999681685,41.60339000081876,3.0267000023741275,137.01508999656653,248.24226999626262
rocky_1_17,rocky_1,11.060659999202471,74.10450000315905,69.77018999896245,3.437989998201374,189.1765199994552,347.54985999898054
rocky_1_15,rocky_1,11.541519999445882,98.89233000139939,86.75342999777058,3.684000001521781,269.187980001152,470.05926000128966
rocky_1_1,rocky_1,14.018010000290815,98.49708999827271,94.15867999923648,4.049040001700632,269.11750999861397,479.8403299981146
rocky_1_8,rocky_1,18.26794000226073,108.2830199986347,89.53638999955729,3.6733800006913953,278.5526099993149,498.313340000459
rocky_1_5,rocky_1,18.69651000306476,88.35799999797018,89.19228999875486,3.872520000732038,275.2176000009058,475.33692000142764
rocky_1_11,rocky_1,13.837059996149037,85.40520000096876,84.22659000207204,3.516809998836834,262.5346700006048,449.5203299986315
rocky_2_0,rocky_2,15.910859999712555,87.25501000299118,86.91893999639433,3.462000000581611,274.7363900023629,468.2832000020426
rocky_2_17,rocky_2,13.799309999740217,81.06470999773592,65.35812000365695,3.528489997552242,251.20126000110758,414.9518899997929
rocky_2_15,rocky_2,15.689790000033101,95.75657999957912,93.19182000035653,3.5316499997861683,252.8089100000216,460.9787499997765
rocky_2_1,rocky_2,14.685839996673167,72.7352400048403,83.26841000089189,3.8079199963249266,267.16951000125846,441.66691999998875
rocky_2_8,rocky_2,14.17551999911666,90.21124999999302,87.40323999954853,3.633410001930315,263.16985999728786,458.5932799978764
rocky_2_5,rocky_2,11.708729997917544,93.06866000115406,90.70640999998432,3.306860000884626,262.923380000575,461.7140400005155
rocky_2_11,rocky_2,17.944030002399813,99.64261999703012,88.38992999808397,3.833500001928769,277.6143499999307,487.4244299993734
smooth_1_0,smooth_1,9.070929998415522,1.1692100000800565,42.88265999930445,2.9567100005806424,141.95868999959202,198.0381999979727
smooth_1_17,smooth_1,9.16764999856241,1.0919500011368655,42.226509998727124,2.933439999469556,135.5756199991447,190.99516999704065
smooth_1_15,smooth_1,14.195620000828058,1.137709998874925,44.565110000257846,2.861920000577811,139.53932000003988,202.29968000057852
smooth_1_1,smooth_1,12.23862999904668,1.090009999461472,41.376159999344964,2.7255100023467094,136.217859997123,193.64816999732284
smooth_1_8,smooth_1,11.916729998483788,1.1150400008773431,43.39213000057498,2.718670001195278,137.23680999682983,196.37937999796122
smooth_1_5,smooth_1,18.586389999836683,1.282039997749962,99.66101000027265,3.7755400015157647,271.66810000198893,394.973080001364
smooth_1_11,smooth_1,16.97375999938231,1.3067899984889664,104.29340999980923,3.660190003574826,278.14681999734603,404.38096999860136
smooth_2_0,smooth_2,16.081809997558594,1.3561099985963665,89.41465000243625,3.485280000313651,265.7809999989695,376.11884999787435
smooth_2_17,smooth_2,11.880490003386512,1.2540799973066896,77.22094999917317,3.2504000002518296,246.4836599989212,340.0895799990394
smooth_2_15,smooth_2,11.572889998205937,1.3468200006172992,83.16302999737673,3.48962000280153,250.90100999950664,350.47336999850813
smooth_2_1,smooth_2,15.461460000369698,1.4117700004135258,83.04131999902893,3.555689999484457,263.89322000031825,367.36345999961486
smooth_2_8,smooth_2,13.259650001418777,1.3211099983891472,86.63517000240972,3.762589998950716,275.14990999916336,380.1284300003317
smooth_2_5,smooth_2,11.096809999435209,1.2676400001510046,85.34942999831401,3.575450000062119,231.71946000366006,333.0087900016224
smooth_2_11,smooth_2,14.174049999564886,1.324850000673905,90.96254000032786,3.316110000014305,258.94767999852775,368.7252299991087
dunes_1_0,dunes_1,17.438870001933537,1.4529799984302372,108.77906999958213,3.6493900028290227,271.3692799967248,402.68958999949973
dunes_1_17,dunes_1,10.852170000725891,1.3313099974766374,93.50918999989517,4.052280004543718,248.40431999909924,358.14927000174066
dunes_1_15,dunes_1,16.248709996580146,1.2542000011308119,90.38275000057183,3.5692999997991137,255.11221000342633,366.5671700015082
dunes_1_1,dunes_1,14.561760000651702,1.2590400001499802,72.35891000163974,3.2539499981794506,248.88576999655925,340.3194299971801
dunes_1_8,dunes_1,12.968830001773313,1.3183799979742616,84.1031700008898,3.0534399978932925,246.02168000419624,347.4655000027269
dunes_1_5,dunes_1,15.992880002886523,1.3337699958356097,93.30204000289086,3.3815799994044937,265.54762000159826,379.55789000261575
dunes_1_11,dunes_1,17.77676999772666,1.261080002586823,88.97197999758646,3.460070003347937,259.5221899973694,370.9920899986173
dunes_2_0,dunes_2,14.782309996371623,1.2847500009229407,81.16118999896571,3.4204900002805516,247.8913899991312,348.54012999567203
