model,theta,min_area,f1,tau,a_min
V_grad,0.2,100.0,0.9320288156232573,,
V_grad,0.2,500.0,0.9320288156232573,,
V_grad,0.2,1500.0,0.9320288156232573,,
V_grad,0.2,3000.0,0.9320288156232573,,
V_grad,0.35,100.0,0.8995971921884444,,
V_grad,0.35,500.0,0.8995971921884444,,
V_grad,0.35,1500.0,0.8995971921884444,,
V_grad,0.35,3000.0,0.8995971921884444,,
V_grad,0.5,100.0,0.8225922532201848,,
V_grad,0.5,500.0,0.8225922532201848,,
V_grad,0.5,1500.0,0.8225922532201848,,
V_grad,0.5,3000.0,0.8225922532201848,,
V_grad,0.65,100.0,0.6387635262466012,,
V_grad,0.65,500.0,0.63658913095397,,
V_grad,0.65,1500.0,0.6355172271241154,,
V_grad,0.65,3000.0,0.6350700787816889,,
V_grad,0.8,100.0,0.005857924748747989,,
V_grad,0.8,500.0,0.00011041530517713128,,
V_grad,0.8,1500.0,0.00011043508280162134,,
V_grad,0.8,3000.0,0.00011051128540348074,,
V_grad_shadow,,,0.9355873057872692,20.0,100.0
V_grad_shadow,,,0.9355873057872692,20.0,500.0
V_grad_shadow,,,0.9355873057872692,20.0,1000.0
V_grad_shadow,,,0.9557580220189672,40.0,100.0
V_grad_shadow,,,0.9557580220189672,40.0,500.0
V_grad_shadow,,,0.9557580220189672,40.0,1000.0
V_grad_shadow,,,0.9560358872414205,60.0,100.0
V_grad_shadow,,,0.9560358872414205,60.0,500.0
V_grad_shadow,,,0.9560358872414205,60.0,1000.0
